name,age,street,city,state,zip,lng,lat
Jennifer Obrien,45,79201 Michael Keys Suite 451,Christopherton,New York,32767,-85.283136,-8.6118945
Veronica Charles,72,1287 Thomas Forest Apt. 914,Port Nicole,New Mexico,50998,144.878691,57.361500
Emily Mckenzie MD,33,13921 Patricia Villages Suite 062,Angelamouth,Hawaii,11655,-5.830481,44.5177535
Donna Foster,28,11361 Haley Mountains Suite 490,New Markport,Montana,64923,152.309230,-69.3734695
Lydia Garcia,39,40567 Samantha Meadows Apt. 844,New Jordanburgh,North Carolina,73839,117.472891,71.338925
Joshua Knight,45,92884 Mclaughlin Bridge,Port Abigail,Hawaii,67159,131.524507,0.2728235
Krystal Smith,71,232 Gilbert Crescent,South Brandon,Wyoming,38108,11.148015,-61.332333
Michael Johnson,71,9241 Joshua Forge Suite 310,North Nicholasbury,Alabama,95893,-117.065029,-30.264870
Bradley Hardin,75,545 Christopher Loop Apt. 976,Greenfort,North Carolina,02957,-72.746199,-44.4429435
Virginia Martin,22,192 Allen Island Suite 712,Port Jamesbury,Tennessee,08905,1.506494,64.984314
Thomas Mason,25,642 Patrick Ramp,Lake Cynthiaburgh,Colorado,43165,95.715068,-32.1062435
Joseph Walls,50,42633 Johnson Place,Port Frankchester,Hawaii,89374,-160.303567,-20.328703
Kayla Johnston,44,49729 Newman Run Suite 989,Snowmouth,Kentucky,61805,98.396816,10.2098985
Brenda Wilson,62,2215 James Crescent Apt. 645,New Robin,Georgia,96551,-126.210584,-45.9260105
Amy Patrick PhD,69,6137 Nicole Brook Apt. 253,Jeffreymouth,Indiana,30156,101.352756,80.235424
Mrs. Jodi Reed,32,5716 Regina Forges,West Sharon,North Carolina,21253,-32.461990,-17.0076965
Angela Golden,73,19262 Catherine Groves,Meganport,Louisiana,27820,-126.968554,78.1347335
Tina Santiago,18,0545 Shawn Union Suite 074,Lake Elizabeth,Alabama,97218,-141.971990,-15.520040
Veronica Adkins,62,12172 Castillo Shores,West Miguelland,Colorado,24575,-24.394034,52.2034885
Arthur Chan,21,004 Frye Vista Suite 517,West Laurashire,North Dakota,23507,173.862143,-11.075758
Stacey Owens,54,535 Porter Gardens,Port Krista,Maryland,27506,96.616339,39.2954125
Jacqueline Reyes,24,050 Jillian Trafficway Apt. 246,Amandaside,Pennsylvania,84548,59.447865,-10.2725315
Crystal Rose,41,14079 Rachel Avenue Apt. 457,Pricestad,Rhode Island,87425,143.817349,-47.823201
Samantha Mcdowell,61,01233 Kirby Isle Suite 082,Port Christopher,Hawaii,97424,-64.023376,23.6383105
Matthew Roberts,57,8156 Mitchell Mountains Apt. 239,North Lisaberg,Arkansas,23391,6.356461,-40.443821
Jean Villarreal,50,790 Timothy Spur Suite 231,Willieville,Florida,75335,-117.983658,77.8569825
Jose Moore,66,460 Johnson Motorway Apt. 058,East David,North Dakota,47395,-149.403981,55.307165
Katherine Collins,43,0269 Stafford Fork Suite 348,Port Teresaville,Oregon,92505,75.225522,31.049353
Rachel Carter,66,194 John Valleys,Kyleborough,Delaware,59781,34.108366,9.630659
Roberta Larson,37,05572 Olsen Flat Apt. 071,Port Jared,Kansas,83696,-106.757557,50.288173
Gary Campbell,38,97755 Wu Mountain Suite 154,Josephville,Oklahoma,78313,144.918408,-40.924308
Susan Bell,45,43143 Rachael Courts,West Bethany,Louisiana,46407,179.564624,-7.360778
Tyler Castro,77,093 Theresa Hill Apt. 015,North Jill,Wyoming,97799,10.708609,-63.442416
Jon Spencer,38,241 Chad Islands,Coleton,Oregon,38116,-87.145113,-0.863185
Philip Morse,57,0898 Moreno Ways Suite 210,Port Anthony,New Hampshire,29525,43.057250,-74.3173835
Alexis Rowe,20,643 Paul Isle Suite 650,Josephbury,Massachusetts,96879,50.893427,55.1445565
Timothy Garcia DDS,24,607 Greer Road Apt. 372,South Rebecca,Nevada,47148,-124.035389,67.975292
Bonnie Murphy,21,119 Wade Court,Clarkview,Oklahoma,25214,-95.724028,42.6042855
Michael Price,21,09758 Michael Plain,South Robertstad,Rhode Island,33797,-74.723027,11.2154115
Karen Nguyen,22,4264 Elizabeth Estates,East Karamouth,Kentucky,42951,-66.893325,-39.9365925
Julie Wilson MD,71,62851 Harding Gateway,Smithshire,Iowa,88137,-122.411712,9.477653
Kenneth Nelson,18,10880 Pacheco Loop,Williamhaven,Missouri,79991,-134.116389,16.4135335
Heather Garcia,33,0075 Scott Estate,New Kari,Idaho,93743,147.018684,-74.058221
Christopher Bartlett,54,120 Dorsey Tunnel Suite 034,Brianmouth,Virginia,28492,109.569977,49.4441665
Bridget Conley,63,6296 Mary Village Apt. 306,New Lisa,Kentucky,48760,-8.199475,-78.8001285
Evan Jensen,46,050 Kristina Fords Suite 937,East Tiffanybury,Michigan,68191,-165.744778,48.467409
Hannah Harrison,45,2115 Dennis Alley,Natashafurt,Kentucky,74524,-103.178260,11.109244
Raymond Charles,69,880 Ross Canyon Apt. 042,Williamside,Montana,05051,-154.598562,-79.9428355
Ashley Smith,67,86913 Huber Corners Suite 080,Lake Josephbury,Ohio,34846,118.216752,33.9282585
Lisa Norris,37,576 Steven Rest Apt. 415,West Blake,Illinois,18358,107.842164,78.3404025
Jessica Wilson,30,61272 Glenn Forges,Griffinfurt,Connecticut,11929,91.971425,6.180201
Richard Jones,66,71143 Sandoval Inlet Suite 920,North Stephenville,Tennessee,77598,161.613414,-77.9248435
Claire Scott,24,0510 Orr Views Suite 665,Josephton,Wyoming,33160,129.971068,-78.2685615
Nicole Brennan,20,77134 Larry Shoals Suite 426,Hunterview,Illinois,60449,-33.885347,35.3111495
Antonio Ortega,31,725 Smith Trafficway Apt. 066,West Sarah,North Dakota,09401,17.873063,-85.809191
Chelsea Marshall,52,91941 Gary Path Apt. 907,Port Jenniferborough,Missouri,82064,-28.083060,27.072624
Chad Davis,49,2779 Edward Streets Suite 975,Port Ginaport,Montana,94215,-162.827747,88.7046515
David Perry,37,77397 Ellis Canyon,Amandaview,Nevada,27793,-176.033521,-9.963196
Travis Blevins,28,995 Angie Vista Apt. 325,Port Alexandrahaven,Alabama,43577,21.961328,78.0308205
Brian Wilson,35,3626 Owen Parkway,Heathport,Vermont,52445,-65.931054,-14.112479
Kyle Golden,70,030 Rosario Overpass Suite 948,West Mark,Maine,57133,-154.023074,50.6334675
Brian Sanchez,41,9173 Campbell Flats Suite 835,East Leeborough,New Mexico,28156,-6.373803,-64.9119045
Bradley Garrison,39,9713 York Terrace,Richardbury,New Mexico,30866,18.656147,-43.4340985
Alyssa Wang,30,34810 Sanchez Stream Apt. 593,Michaelborough,Nebraska,83633,-173.994227,-59.309739
Chelsea Bond,18,5858 Montgomery Greens,Christinatown,Utah,84950,82.001638,30.3191965
Sarah Olson,72,17893 Mahoney Station,East Jacobville,Tennessee,57443,74.482217,6.0026975
Michelle Wilson MD,74,716 Khan Plaza Apt. 025,Baldwinhaven,Georgia,14466,66.682684,-43.632010
Rachel Green,38,495 Brian Radial,Bookerbury,Arizona,38617,13.865551,-69.7507965
Thomas Mathews,54,177 Lauren Fords Apt. 815,Garymouth,Kansas,23430,110.116353,50.538317
Terry Ryan,41,97247 Sheena Meadows Apt. 268,Brianville,South Carolina,15864,-76.424867,-13.373600
Michael Torres,18,491 Rachel Street Suite 363,Alexandriahaven,Iowa,23235,-29.929486,17.941152
Matthew Miller,60,1516 Downs Via Suite 351,South Elizabeth,Wisconsin,54787,-144.884080,56.4521485
Daniel Koch,22,6796 Smith Alley,South Amymouth,Oklahoma,97470,-73.206751,61.6860225
Mr. Mike Brown DDS,80,27362 Rogers Crescent,East Lindsay,West Virginia,79974,-38.900132,-54.9539625
James Robertson,38,35295 Carrie Drive,West John,Colorado,83936,152.201099,-2.544329
Ronald Nunez,55,12402 Morgan Forges Apt. 434,Garciaberg,Arizona,01628,-55.532134,2.808965
Timothy Green,72,71678 Kyle Mountains,Brownville,North Dakota,21786,-41.091296,75.285057
Donald Oliver,68,126 Lynn Run Suite 286,East Lindachester,Georgia,17132,-162.480114,-35.491052
Tom Kelley,41,577 Stephen Street Suite 662,Crystalborough,Oregon,00923,-150.558802,5.600985
Jonathan Jackson,23,68725 Allison Squares Suite 682,Port Jennifer,Louisiana,61653,8.302636,2.7406275
Rebecca Newman,25,6677 Sara Estate Suite 921,Andrewchester,Indiana,22308,179.685626,-19.177006
Douglas Nolan,73,0743 Pruitt Mission Suite 793,North Daniel,New Mexico,39657,164.317618,-85.810343
Alisha Velasquez,30,2868 Chang Green Apt. 169,Scottfort,Indiana,90980,-14.329043,-22.268463
Tonya Lopez,58,6698 Conner Cape Apt. 469,Kimborough,Arizona,91875,79.059443,-4.0373135
Jennifer Waller,53,1680 Brittany Cliffs Apt. 741,Port Teresachester,Alabama,01680,83.877970,54.146321
Nicole Harris,61,2088 James Point,Christensenborough,Indiana,12154,33.283375,-44.9876375
Ashley Bowers,39,80803 Kenneth Orchard,North Brendaville,Texas,67913,17.705189,-58.965608
Zachary Wise,38,6642 John Dam Suite 320,Gomezborough,New York,49280,-23.131851,21.2513115
Jennifer Martin PhD,52,6297 Steven Trail,New Ashley,Rhode Island,27844,-129.806802,-45.3968135
Tammy Lee,74,596 Kendra Bridge,Port Christopher,South Carolina,89832,86.780357,6.2221935
Mary Black,42,8102 Nichols Rapids Suite 314,New Russellland,Nevada,91521,147.047063,-15.2315445
Christopher Park,75,6408 Carter Ridges,Edwardborough,West Virginia,05055,-99.523788,24.303183
Kevin Hines,27,0219 Snyder Mountains Suite 278,Kennethville,New Jersey,01873,79.698623,-48.883061
Deanna Andrews,40,117 Luke Pines,Miketown,Mississippi,18987,28.147044,-2.4875455
Theresa Smith,57,2048 Sampson Courts Apt. 769,West Todd,South Dakota,76726,-63.881175,0.3963425
Aaron Pacheco,20,139 Jackson Estates,North Richard,New York,67873,57.773825,-77.8851455
David Ferrell,67,65111 Valerie Corner,South Katherinetown,New Hampshire,23971,121.787051,-63.955071
Erica Hill,55,74538 Reed Mission Apt. 169,East Kristin,Maine,68165,-83.690926,56.9133005
Hannah Garcia,72,75963 Connor Lodge,West Marcia,Wyoming,82562,97.419733,85.1397735
David Washington,59,54687 Christopher Avenue,South John,Arkansas,25106,-163.400530,-74.7796655
Scott Rojas,73,85078 Gonzales Landing Apt. 484,Port Keith,New Mexico,40349,106.695353,41.6033815
Elizabeth Berry,44,6637 Gibson Shoals,Romeroview,Washington,32015,176.258784,-23.557305
Joshua Snyder,42,37103 John Common Apt. 247,North Michael,Kentucky,07238,162.072542,-23.9106085
Jeremy Larson,30,2171 Harris Ridges Suite 042,Port Shelly,Oklahoma,12307,51.448770,-66.4365685
Alan Martin,46,306 Brooks River Apt. 328,Alifurt,South Dakota,74027,-143.650272,-50.3122755
Joseph Davis,50,6101 Sara Fort,Watsonchester,Virginia,30331,98.786525,-51.321518
William Sparks,52,45383 Jennifer Harbors,Lake Marcustown,Wyoming,94016,-47.067246,23.244762
Angela Ramos,70,16123 Benjamin Inlet,Edwardton,Oregon,10348,-62.752232,-19.8877015
Carlos Green,42,437 Karen Cove Suite 532,Lake Darrell,Montana,21193,-138.377121,37.8052455
Tim Zavala,37,02242 Ryan Dale,Wilsonton,New Jersey,14247,-25.781945,-55.2816935
Mary Rivers,23,0525 Sanchez Meadow Apt. 744,South Roger,Vermont,70998,90.945599,29.106075
Christopher Robinson Jr.,44,3890 Brown Fall,Martinview,Delaware,79281,-138.710980,83.285509
Todd Bennett,70,722 Brian Trafficway,West Devintown,Vermont,78138,151.904900,27.4167735
Richard Smith,64,627 Steven Pine Suite 605,East Ginaland,Nebraska,58726,-160.202911,-51.784155
Nathan Price,29,2503 Jimenez Vista,Madisonport,Missouri,86816,-87.708875,21.8403665
Kenneth Johnson,66,8704 Anthony Square Apt. 440,New Victoria,Kansas,06566,-41.284146,-59.0125825
Dennis Palmer,42,5391 Victoria Plains,Josephchester,Wisconsin,96278,18.045477,32.097056
Shelia Franklin,43,4890 Flowers Rue Suite 953,Donnaberg,Oregon,61410,-143.250771,44.360884
Denise Brown,72,53313 Nichole Walks Suite 430,Michaelville,Massachusetts,65738,171.723547,-88.8969075
Denise Beck,34,0608 Jackson Tunnel Apt. 308,Watsonborough,Maryland,58081,-47.583270,4.6769185
Beth Jones,70,26247 Bryan Terrace Apt. 592,Hannahfort,Georgia,43179,-178.019247,88.873294
David Alvarez,56,3000 Rachel Inlet Apt. 691,North Jenniferhaven,Maine,56276,-24.515778,-31.0880295
Jeremy Castro,29,94289 Dawson Circles,North Stephen,Ohio,65116,-159.360484,26.511827
Fernando Pitts,59,05353 Phillips Unions,Bradleymouth,Washington,90013,-153.923095,-13.8406395
Elaine May,49,915 Christopher Estates,Brownburgh,Minnesota,75206,147.503369,-5.3737195
Peter Joseph,30,95050 Tate Crescent,North Emily,North Carolina,90807,65.510582,14.1003995
Jennifer Marshall,32,401 Carolyn Route,Karenborough,Washington,77193,-132.485843,76.464666
Elizabeth White,71,3790 Hernandez Vista,Joneston,New Mexico,86990,53.616678,52.082776
Vernon Lawrence,57,43415 Tammy Turnpike Apt. 744,Robertville,Nebraska,04253,-89.556039,0.015665
Joshua Anderson,38,0199 Dean Glen Apt. 809,Lewismouth,Rhode Island,23844,-77.434102,-67.0559155
Michael Scott,30,3764 Berry Walks,Briannashire,Texas,74778,95.436607,58.0956875
Danny Crosby,18,654 Kimberly Fort,Robertbury,Alabama,92047,114.094326,-47.522391
Frank Jordan,51,31576 Wright Camp,Fosterton,North Dakota,81502,130.582736,43.0087735
Michelle Combs,37,5396 Robert Vista Suite 398,Walterstown,Iowa,98007,-136.496917,-20.923403
Lori Wilkerson,30,98423 Ann Groves,Yeseniafurt,New York,05225,-23.271497,-26.0024995
Mr. Roberto Silva,19,163 Lee Hill,Jonesfort,Alaska,04258,-147.627866,40.0710935
Lisa Martinez,75,1242 James Overpass,Christinaview,Oregon,28490,130.482765,-70.695118
Richard West,21,785 Booth Point Apt. 528,Brendaberg,Arkansas,69580,-128.449509,-82.4310505
Destiny Long,75,4004 Philip Mews Suite 840,Katrinaville,Ohio,88244,-30.986383,34.547337
Sarah White,26,9680 Thomas Harbors,Henrymouth,Pennsylvania,41995,-27.689551,65.361615
Timothy Reynolds,57,17851 Jeffery Centers,Coopermouth,California,10081,153.912361,-46.778079
Erin Kelly,58,493 Holland Stream Apt. 462,Lake Daniel,Georgia,36009,1.638751,-30.6360995
Carrie Edwards,60,4877 Rachel Plains Suite 993,Lake Katherine,Hawaii,98156,34.835624,42.6831675
Jacob Conrad,48,7297 Mcbride Mission Suite 976,New Carolynview,New Jersey,79952,-91.615378,-27.2474375
Patricia Cooper,36,40811 Andrea Union,Gardnerport,Ohio,34751,116.345866,-47.890456
Ruth Harris,30,990 Drake Trace,Stephenmouth,South Carolina,97870,-163.277653,-84.104463
Kendra Walker,76,076 Lopez Haven,Heatherborough,Louisiana,27190,148.968662,-20.463515
Natasha Morse,77,9635 Simon Place,New Vicki,Vermont,04627,-176.524330,67.2801885
Leroy Mcdonald,20,160 Gonzales Fork Apt. 021,Lake Katrinaside,Washington,35527,38.421463,-1.387541
Joshua Johns,18,69126 Brenda Springs,West Paulton,Illinois,05886,172.418775,40.8063505
Lucas Jimenez,79,027 Jones Fork,Evansville,Michigan,58120,-133.591850,-3.829002
Michelle Vaughn,47,14503 Medina Key,Bellland,Kansas,35576,118.054443,38.1475345
Stephanie Weeks,26,611 Lawson Cliff,Lake Raymond,New Jersey,85821,-172.909190,-84.450489
Paul Davis,32,497 Louis Springs Suite 158,Walterstad,Tennessee,21281,130.864676,62.7992495
Barry Jackson,62,1678 Ryan Creek,West Gregoryfurt,Indiana,65197,-66.173822,-33.8741635
Kevin White,49,679 Amber Bypass Suite 516,New Juliaborough,Louisiana,46766,14.278121,-19.813747
Christopher Anderson,51,995 Morris Well Apt. 062,Cervantesview,Kentucky,94238,-172.748623,54.6796545
Kristine Haynes,75,51587 Edwards Summit Suite 383,Nguyenton,Arkansas,48525,6.722436,6.910479
Lorraine Caldwell,74,663 Nielsen Springs Apt. 965,North Marcus,Indiana,35789,5.040112,-2.9693725
Kimberly Willis,77,86295 Carlos Streets,East Bryanfurt,New York,95951,-17.891646,-86.7054325
Isaac Flynn,56,3747 Cruz Pass Apt. 251,North Carlaside,Colorado,99530,120.835240,42.676079
Cynthia Abbott,18,52434 Mason Lakes,Scottburgh,Colorado,36190,-75.244364,8.5852475
Sara Diaz,22,927 Cynthia Square,Patricktown,Mississippi,01985,-156.755304,86.5425215
Douglas Wang,61,40995 Mark Pine Apt. 024,New Brandon,Texas,98075,-40.580184,82.511636
Joshua Frazier,64,2305 Fields Place Suite 692,West Derekland,Utah,01496,102.304910,-37.690589
James Garza,45,54070 Brown Walks,Reginaldmouth,New Jersey,31426,72.305806,47.891670
Brenda Roberts,80,8632 Davis Curve,Lake Janet,New Jersey,09075,145.019050,87.955932
William Bishop,61,182 Hancock Vista Suite 177,South Lisaland,South Carolina,14935,107.837575,0.7273085
Carolyn Huang,62,907 Clark Grove Suite 567,Reedborough,Michigan,12173,-148.581842,11.260471
Laurie Wong,38,7510 Johnson Harbors,Kennethville,New York,44684,46.888648,-38.289395
Kim Smith,78,2631 Amber Keys Apt. 583,Johnfurt,Wyoming,41082,-111.794540,6.283018
Barbara Riley,68,89367 William Walks Apt. 269,North Markstad,Nebraska,33557,92.072045,35.7254225
Toni Burton,56,46701 Robert Passage Suite 997,New Stephenton,Delaware,21389,89.331047,68.4784685
Karen Bradley,40,6212 Moran Extensions Apt. 610,Vincentberg,Michigan,11818,-85.345057,30.032257
Lori Weber,59,14167 Smith Curve,Rachelburgh,Utah,05075,-132.999965,-45.9406365
Erica Nixon,28,356 Jessica Court Apt. 181,Fergusonshire,Rhode Island,87607,153.706348,-76.6709275
David Ramirez,51,16328 Downs Ramp Apt. 571,Lake Joborough,Louisiana,14506,-157.383825,-68.2259165
Melissa Robertson,41,36456 Ortiz Lake,Port Christopher,South Carolina,61779,-62.717666,81.6567535
Cody Harris,21,72354 Anthony Garden Suite 749,East Tracyport,Mississippi,90827,-41.455755,29.1567385
Linda Garcia,32,495 Cynthia Lake,North Mary,New Mexico,00692,-37.697019,12.180556
Anthony Payne,42,3280 Nichols Springs,West Jamesberg,Pennsylvania,72607,-58.419611,-33.5035385
Kimberly Hart,64,19756 Chavez Road,Port Andrew,Vermont,84086,148.439430,27.291065
Matthew Brooks,32,991 Anderson Plaza Suite 088,Michaelmouth,Missouri,17547,-156.342722,25.614135
Jill Jackson,53,64851 Moore Mall,East Jacob,Iowa,44636,-158.383294,-8.7670205
Christopher Rose,34,5965 Christopher Ferry Suite 006,Lake Josephfurt,Colorado,13700,48.995385,81.621160
Sharon Adams,50,820 Mackenzie Junctions,South Susanberg,New York,96288,132.432127,-51.1856045
Brent Turner,58,7139 Humphrey Rue Suite 808,North Ryanborough,Iowa,88215,-131.558846,31.2942115
Randy Brown,40,64882 Erica Flats,Meyerport,South Dakota,78136,120.242458,65.894110
Ryan Ball,77,6101 Kathryn Fields,South Daniel,California,89067,-57.372764,22.093314
Catherine Brady,44,406 Mcintosh Light Apt. 906,North Kristin,Ohio,38811,22.744952,-5.3452785
Mark Williams,56,631 Wagner Street Suite 881,Robertfort,Idaho,19597,3.756174,5.378014
Kara Rodriguez,37,572 Gardner Rapid,Davisburgh,Kansas,22835,168.450526,17.1077875
Kevin Keller,70,23159 Barrett Island Suite 947,Hawkinsmouth,Oklahoma,07662,87.094082,-60.9835805
Elizabeth Collins,21,6181 Gibson Motorway Apt. 114,Bettybury,Wisconsin,30557,-57.005490,-37.6265345
Kimberly Torres,19,755 Hernandez Canyon,Stoneshire,Illinois,31905,78.227815,76.321639
James Jackson,40,16822 Torres Bypass Suite 352,Thomasburgh,Georgia,27147,11.789805,-58.031466
John Quinn,59,020 William Fields Apt. 663,East Elizabethberg,Oregon,64774,-170.111676,-10.826989
Curtis Salinas,36,61211 Cassandra Valleys Apt. 413,Lynchmouth,Oklahoma,50276,48.284886,-48.833256
Stacey Jenkins,21,074 Austin Ramp,Lake Karen,Arkansas,35723,-68.427766,-15.429725
Sherry Smith,55,7608 Michelle Trail Suite 964,Port Paulland,Michigan,17807,-156.511192,-59.6948355
Scott Johnson,25,6279 Gould Ridge,East Molly,New Hampshire,80827,78.038510,58.6717025
Kelsey Webb,67,631 White Parkways,East Karachester,Oklahoma,44533,112.263756,-55.243817
Valerie Diaz,40,97176 Alexandra Key,Lake Tina,North Dakota,37944,3.771325,-9.060703
Paul Mcdaniel,25,3885 David Expressway Apt. 240,Choiview,Colorado,55239,-172.102861,82.682024
Marie Steele,57,520 Osborne Bypass,Lake Mary,Kentucky,87523,137.913842,47.998732
Mary Vazquez,57,85752 Chavez Cliff,South Sherryborough,New Mexico,21102,39.230989,22.5069805
Lori Wilson,52,49136 Taylor Canyon,New Crystal,Virginia,44878,-162.991999,25.2520635
Theresa Long,22,8010 Anthony Terrace,East Joshua,Kentucky,85474,27.180996,12.5026435
Vincent Hale,76,562 Cain Crest,Alvarezmouth,Louisiana,74044,147.497780,72.9462825
Charles Stephens,29,89299 Carson Park,North Dennisberg,Rhode Island,12158,130.875768,-15.152104
Lori Carson,75,829 Diaz Terrace Apt. 121,Chaneyton,Minnesota,84147,-159.492057,-53.390143
Amy Kirk,35,37727 Jacobs Underpass,Cynthiabury,Missouri,53140,68.565997,1.334714
Austin Garcia,45,54868 Chavez Throughway Suite 091,Murrayside,Louisiana,87150,69.222016,-84.298024
Ricardo Mcdonald,27,242 Odom Fords Apt. 138,New Tanyaborough,Ohio,30215,-166.929013,-22.5868195
Roger Zimmerman,38,196 Sydney Pine,Braunburgh,Pennsylvania,97214,-0.573125,47.1085245
Jaclyn Hubbard,73,4630 Rowe Street Apt. 378,Davistown,South Carolina,46507,-151.934799,15.591534
Susan Castillo,40,9204 Jones Drives Apt. 434,West Tammy,Alaska,59850,-0.521366,-77.6439005
Theresa Miller,55,62296 Krueger Lodge,Port Kennethstad,Maryland,98770,-176.727524,49.7118925
Brian Nichols DDS,22,1588 Kidd Ford,Lake Abigail,Connecticut,62088,29.696118,-60.4864325
Marcus Burns,72,0794 Teresa View,West Marioton,Ohio,50966,-168.791232,-83.4528875
Jessica Gibson,79,776 Katrina Fields Apt. 622,Hoffmanland,Oklahoma,70965,-28.042356,-79.5184965
Larry Robertson,75,9356 Molly Square,New Andrewfort,Vermont,55279,-134.399880,-0.6187415
Brenda Cobb,33,9558 Mark Extensions Suite 136,Youngshire,Ohio,31243,-153.058557,-65.4129415
Curtis Davis,66,7191 Jarvis Prairie Apt. 491,Justinland,Connecticut,83239,68.983190,-19.105296
Kaitlyn Ingram,65,9977 Brian Canyon,South Isaiah,South Carolina,20313,151.235156,13.4016445
Dr. Gerald King,62,61306 Michael Turnpike Suite 169,South Heather,Georgia,30845,-175.453466,-38.6171655
Sarah Woods,50,31459 Michelle Rapid Apt. 369,North Robert,New Jersey,81699,137.429043,-71.321452
Willie Blair,72,87815 Christine Cliff,Teresafort,Tennessee,17456,-131.538529,73.352904
Matthew White,57,82454 Chambers Meadows,Lake Paul,Mississippi,35861,-157.933635,-9.9436085
Kevin Shaw,51,98092 Shaw Fall,North Nicholasstad,Iowa,07556,-75.615331,57.6054695
Keith Nelson,58,0822 Allen Meadow,Port Victoria,Texas,58753,37.311848,-30.852903
Heather Jackson,43,34586 Ian Port Suite 391,New Loriton,Alaska,89584,-73.439932,6.572796
Herbert Johnson,70,1804 Tonya Ramp,Martineztown,California,39610,163.907289,-45.1672815
Paul Miller,31,2237 Frank Falls Suite 962,Stuartchester,Kansas,70841,-120.232221,4.487013
Louis Cooper,47,6226 Paul Well Suite 398,Gilbertmouth,Rhode Island,16008,-135.097440,-11.100950
Elizabeth Wheeler,45,248 Lynn Roads,Richardsonbury,Oregon,44953,62.741194,85.0508995
Paula French,57,834 Erica Grove Suite 373,North Michelle,Kansas,10833,-34.548350,86.7275455
Victor Martinez,54,155 Warren Groves Suite 366,Lake Sylviaton,Pennsylvania,49230,33.888369,51.748179
Devin Higgins,67,6670 Weiss Street,Nicholemouth,Arizona,16440,174.860341,11.291659
Melissa Willis,66,51416 Gabrielle Ramp,Shelleyhaven,Rhode Island,33302,86.764367,56.725840
Matthew Thompson,67,95108 Cooper Common,Allenberg,New Hampshire,81818,12.123832,-8.826260
Mark White,67,09464 Karen Drives,Port Ericchester,New Hampshire,74115,-165.436386,-23.7320555
Leah Lopez,69,28612 Martinez Trail,Ashleyton,Michigan,63809,-164.322120,-40.1997395
Daniel Mcintyre,67,8841 Luis Cape Suite 003,South Melissaland,Mississippi,10693,17.014664,-15.024995
Brian Greer,60,21209 Ashley Pine,Russellfurt,North Carolina,45533,-124.205198,-79.444546
Melissa Stewart,22,73080 Dorothy Place Apt. 281,Jerometown,Maryland,78935,-84.319175,13.6260945
Cynthia Carr,61,386 Williams Stream Suite 409,Harveytown,California,41977,-0.811034,-54.607189
Mrs. Sherry Mcfarland DDS,66,38960 Davis Mountains,Lake Madison,Idaho,61896,-170.018120,21.435056
Keith Barnett,44,16941 Heather Isle Suite 447,West Rachaelhaven,Illinois,33226,-142.519378,14.591512
Alicia Sullivan,38,63627 Timothy Meadows Apt. 723,Goodwinfort,Michigan,58616,-58.334218,-51.5384085
Brian Fischer,64,3871 Jose Spur Suite 260,Villegashaven,Connecticut,57223,131.264487,43.815606
Erin Willis,72,25812 Christine Streets Suite 572,West Kenneth,Maine,96871,8.300307,16.223523
Katelyn Vaughn,50,10191 Tiffany Squares,Kathrynborough,Iowa,90965,-11.734498,5.0601435
Anthony Smith,59,1314 Stanton Forest,West Mary,Massachusetts,16194,-126.687231,67.1748005
Leah Bradford,79,1686 John Inlet Suite 137,Carolmouth,Georgia,63359,39.421997,38.2700755
Kathleen Randall,21,9790 Kevin Causeway Apt. 002,Amandafurt,Missouri,47746,-17.015991,4.6862975
Lori Nunez,73,70417 Gilbert Roads,Longbury,Connecticut,08168,-172.995572,11.090199
Tony Coleman,42,70815 William Ridge,North Mackenzieburgh,Mississippi,82081,-3.651487,24.2792755
Amanda Donaldson,47,60939 Kathy Shoals,Mitchellchester,New Hampshire,18443,-138.266844,33.097442
Richard Hahn,35,29203 Janet Prairie Apt. 742,New Brooke,Hawaii,83441,143.544013,71.3536395
Heidi Sanchez,48,128 David Corner,Port Carolland,Alabama,45724,-119.518155,-20.3061365
Christian Wilson,53,76915 David Via,Lauraberg,Hawaii,76939,-75.868063,26.003903
Christopher Ramos,69,017 Joshua Causeway Apt. 067,Andrewston,Missouri,64297,4.301756,74.8298485
Jessica Rogers,39,38856 Albert Wall,West Robertborough,New York,95295,159.536255,-30.1167085
Kendra Barrera,62,7138 Gary Skyway,Petersonborough,Idaho,41650,39.468508,-13.670475
Kevin Russell,59,9133 Benjamin Burg,North Mario,Tennessee,20048,-47.956444,34.769957
Briana Whitaker,30,5480 Smith Green,Leefurt,Alabama,83077,-158.851638,14.533784
Cory Brown,76,47050 Kenneth Valley Apt. 555,North Nicholasview,North Dakota,44941,-108.024671,67.998117
Cameron Burton,54,878 Kenneth Motorway,South Ronald,Idaho,28419,22.639913,-84.8264145
Fernando Buchanan,58,26657 Julia Island Apt. 699,Lake Brittany,Maryland,01936,-124.739566,41.2921405
Katie Alvarado,59,80977 Zachary Course,Lake Howard,New Hampshire,43408,-51.827224,-57.0833745
Joshua Henderson,77,067 Gallagher Brook Apt. 549,Alexanderfort,Wisconsin,30348,-47.698861,-30.9987915
Mitchell Mason,39,946 William Mall,Taylorland,Pennsylvania,36853,-20.079897,-45.9197445
Kevin Kennedy,42,75523 Lewis Plaza Apt. 720,Port Caitlyn,Montana,19677,173.454931,30.5294555
Emily Harris,77,888 Levy Prairie Apt. 586,Christensenfurt,Kansas,17498,-119.204143,32.7535205
William Cabrera,51,50059 Gary Forks,Hobbston,Connecticut,22012,116.397127,-89.729475
Beth Williams PhD,51,246 Chavez Road,Port Earl,Oklahoma,53977,-118.904325,30.106481
Darryl Cohen,75,52179 Bowers Squares Suite 460,Cooperfurt,Wisconsin,25231,37.011936,-49.7719955
Sean Washington,33,626 Stephen Camp Suite 930,Dianashire,New York,83613,-7.900498,53.268904
Reginald Dorsey,31,0958 Frederick Camp Apt. 906,North Rhonda,New Mexico,91180,-148.838345,19.869028
Joseph Wyatt,47,89185 Katherine Radial,Traciland,North Carolina,09030,29.937320,13.114824
Tiffany Wise,64,08261 Miller Hollow,Harrisstad,Arkansas,85963,173.262389,-78.466783
Nathan Anderson,79,244 Michelle Forges Suite 196,Paulstad,Massachusetts,72690,106.053986,-44.4857335
William Perry,38,086 Mitchell Extension,Marshallfort,Kentucky,67281,-140.416683,39.291340
Jesse Rice,78,20772 Jerry Lights,West Williammouth,Nebraska,98178,-38.277664,59.267250
Peter Munoz,48,01460 Tanya Curve Apt. 771,Lake Michael,Pennsylvania,75903,126.776870,11.733497
Sally Daniels,47,934 Payne Glens,Lake Jadeland,North Dakota,80576,118.295198,-88.355324
Jessica Boyd,22,57916 Jennifer Trace,Stevenborough,California,73931,-79.713007,-58.7696635
Heather Nichols,40,721 Sabrina Estates Suite 243,South Susan,Connecticut,50131,148.869771,76.5984175
Ann Bowen,20,6001 William Station,East Timothy,Pennsylvania,64065,-105.153191,20.0159525
Peter Wiggins,18,47516 Marvin Garden,East Jacob,Nevada,03655,76.584265,35.7174795
Jay Henry,63,72652 Thompson Unions Suite 788,Port Lindamouth,Nebraska,89538,-15.776322,43.9537185
Andrew Phillips,80,87312 Robertson Islands Suite 357,Georgeberg,Kansas,43884,-76.804885,-11.763963
John Foster,72,1200 Cynthia Glen,New Beverlyton,Massachusetts,58588,41.049099,66.7960455
Shawn Young,31,2841 Kim Corners Suite 857,Port Audreyhaven,Arizona,03935,-113.913168,-0.1079505
Martin Mullins,26,41536 Nancy Station Apt. 886,West Haley,Colorado,55218,129.237080,-48.618926
Amanda Woods,46,7962 David Trail Suite 570,West Tyler,Texas,36612,-6.162547,-10.423827
Kristin Hoffman,29,704 Alan Mountains Suite 945,Port Ronaldport,Indiana,93609,-36.106507,84.2649405
Alexandria Robinson,31,359 Chapman Walk,South Christine,Maryland,04781,-34.866547,57.8187225
Tiffany Perkins,24,32901 Wilson Radial Suite 971,East Brandonport,Kentucky,60833,88.618794,42.9160735
Russell Palmer,22,34799 Williams Mountains Suite 195,North Kimberlyhaven,Kansas,98908,-52.505844,-31.2141285
Desiree Grant,80,16893 Kaitlin Grove Suite 893,Douglasville,Nebraska,28352,-113.542398,-83.8552865
Olivia Martinez,20,74493 Rollins Loop Suite 835,East Emily,Kansas,87482,74.225236,-15.167707
John Travis,31,472 Ivan Harbor Suite 551,Donaldstad,Oklahoma,89268,29.851271,57.255288
Kevin Jackson,69,70653 Jeffrey Stream,Zamoraside,Connecticut,73131,129.150263,-51.653563
Kerry Vega,62,3802 Charles Ports Suite 900,Tammyport,Arizona,36485,22.770987,-10.6866995
Michelle Wood,42,5013 Pamela Port Apt. 691,Port Kelsey,Mississippi,05252,-28.545469,-39.7089465
Kevin Chung,70,52314 James Prairie Suite 883,New Sandraton,Nebraska,17951,33.247090,36.173287
Yvette Bradley,18,750 Clark Field Suite 153,North Seth,Tennessee,76988,51.864854,77.008404
Gina Fields,60,22055 Rebecca Knolls,Juanland,Indiana,19918,-74.740698,48.3004545
Bryan Foster,75,08783 Rice Valleys,New Shelby,Alaska,52766,-48.753480,-52.0146585
Shelley Jacobs,57,24105 Mcbride Corner Apt. 065,Beckerhaven,Wisconsin,57865,94.901283,-60.351198
Gina Sullivan,42,8016 Brian Ports,Shepherdtown,Rhode Island,29850,-32.961009,62.669341
Colin Underwood,43,859 Diane Ranch Suite 653,Jamesland,Nebraska,75277,-132.283360,-23.709611
Mrs. Mia Meadows,45,776 Watkins Locks Suite 242,South Angelachester,Arizona,46781,91.263138,-42.2704405
Daniel Jackson,50,749 Patricia Square Apt. 780,North Danny,Indiana,26817,98.823564,-25.8044555
Danielle Green,77,38849 Nunez Pine,Acevedohaven,Kansas,65483,-22.984092,-44.2016985
Eric Thompson,74,85076 Bradley Trail,Larryton,California,09297,-64.972646,-81.2251695
Veronica Gonzalez,49,9567 Pam Villages,Russellbury,Mississippi,57897,115.427124,-3.500899
Alan Krause,62,706 Gary Flats,Port Rebeccaburgh,Texas,43662,-174.897485,-14.857594
Daniel Newman,43,059 Allen Point,Lake Mark,Oklahoma,69505,-69.302728,25.862249
Kevin Martinez,42,612 Henderson Path,Port Kellyburgh,Alabama,85490,80.400804,2.918806
James Pruitt,64,61988 Anita Course,Darlenebury,Georgia,22671,28.952947,-49.092599
Mikayla Hall,21,003 Janet Ford,Port Stephen,Minnesota,33548,172.982095,36.522290
Lisa Miranda,55,0770 Erin Field Suite 213,Phamhaven,Alabama,69177,-31.404780,-70.006279
Sean Diaz DDS,29,6580 Walker Port Apt. 301,West Jill,Virginia,93746,-77.028884,-45.868777
Teresa Long,63,8450 Kristina Shoals,South Ronaldmouth,Wisconsin,77886,-111.042139,-86.2410805
Tara Watkins,71,67648 Taylor Pass,South Matthew,Mississippi,29802,-66.944565,18.3048915
Elizabeth Valdez,35,15224 Jennifer Spring,Amandaview,Colorado,10057,167.157052,66.2473345
Jenna Cruz,49,0144 Alvin Heights Suite 552,Carolshire,Colorado,22383,4.161910,-36.3021725
Connie White,64,7077 Chang Wells,North Valerie,West Virginia,13996,-30.055243,34.1891935
Susan Carter,66,5716 Robert Drive Suite 755,South Shannon,Nebraska,22639,-103.484152,-69.514475
Michael Flores,77,1510 Travis Parkways,Lake James,Massachusetts,24127,-51.349341,76.064947
Sean Morris,23,757 Caldwell Pike Suite 631,Farmerview,Hawaii,50397,-45.365737,-25.3020645
Danielle Macias,80,8540 Stephanie Ferry,Jessemouth,Rhode Island,67717,152.655346,67.8618205
Mark Garcia,42,3788 Kirby Lane,Port Miguel,Wyoming,58854,-140.180289,73.514986
Victoria Collins,48,09968 Villarreal Junctions Suite 989,Louisstad,Wisconsin,01568,-165.750095,39.141692
Brian Chase,75,5654 Chavez Valley Suite 798,North Elizabeth,Louisiana,86017,-0.272235,-34.780722
Michael Bradley,50,0667 Alexandra Stream Apt. 649,Mariaberg,North Carolina,13291,-122.887765,-80.9992425
Michael Lopez,62,050 Gordon Roads,Lake Denisefurt,Minnesota,31196,-122.744688,-17.851572
Laura Callahan,21,968 Donna Via Apt. 675,Port Kimberly,New Jersey,94307,154.270270,-69.988631
Timothy Bell,65,3288 Jennifer Falls,New Molly,Hawaii,14567,-93.129261,30.857007
Justin Gillespie,70,54863 Timothy Coves,West Autumn,Kansas,04467,130.155381,56.742461
Rachel Cruz,22,719 Ballard Shores Suite 197,Phillipsville,Indiana,63133,-79.065052,-83.4738055
Peter Harris,32,10155 Jennifer Turnpike,Lake Andrew,California,58893,132.270170,65.722341
Tyler Barry,53,550 Crystal Manor,Laneborough,Utah,62790,-29.090092,-65.757675
Carmen Ramos,69,58032 Christine Burg Apt. 567,Charleston,North Carolina,69936,-95.575952,25.122291
Marc Green DDS,49,907 Buchanan Prairie Apt. 444,South Stacy,Maine,63209,11.340881,30.553624
Vicki Herrera,36,09882 Howard Village,East Brett,Oregon,54767,164.046849,28.2598215
Mark Guzman,48,42472 Sierra Trace Apt. 958,Quinnville,Wisconsin,12159,65.783928,21.9855735
Jason Vargas,22,586 Gina Unions,New Toni,Louisiana,50773,-102.001431,0.7721775
Joshua Church,59,270 Taylor Shore,Port Brianville,West Virginia,09838,-165.731472,-66.348560
Eileen Hughes,72,040 Lee Alley Suite 880,Susanport,New Hampshire,48976,154.392040,-24.118826
Olivia Jenkins,38,33129 Farrell Locks,West Dannyberg,Iowa,65185,33.690028,-4.2918395
Melissa Jones,25,760 Juan Rapid Suite 968,Port Matthewport,Louisiana,38795,16.269324,-10.885662
Dr. Ronald Meyer Jr.,31,68096 Mark Springs,Lake Timothy,Maine,19785,138.775131,-48.7414605
Tabitha Wilkinson,78,37916 Moses Heights,New Davidfort,Louisiana,16177,-75.024600,68.9705865
Curtis Krueger,48,89216 Cooper Circles,East Amy,Kansas,99502,111.774464,-19.885807
Brianna Keller,58,42885 Ball Points Apt. 221,Davidmouth,Nevada,68131,-42.422757,63.570524
David Dickerson,55,503 Lindsey Flat Suite 893,Santosborough,Rhode Island,09909,-27.381020,44.282094
Diana White,65,96384 Nancy Club Apt. 619,Estradaburgh,Oklahoma,47592,-117.404954,14.4284025
Russell Castillo PhD,43,067 Jeremiah Harbor,Lake Meghanside,Oklahoma,28832,50.460922,14.7425235
Zachary Wells,64,43020 Paul Crossroad,Williamview,Connecticut,00530,-8.001768,-81.871198
Holly Payne,30,046 Brittany Motorway,Brandonmouth,North Carolina,77602,63.624526,-43.4648535
Eric Andrews,71,8060 Erickson Passage,Williambury,Washington,17078,-97.053616,-50.951307
Derek Nelson,58,697 Hughes Keys Apt. 789,East Michaelburgh,Arizona,32421,160.469897,0.6771845
Colleen Edwards,23,95197 Roger Cliffs Suite 067,Jacksonfurt,Tennessee,88076,31.325270,84.103866
Micheal Thompson,20,332 Jennifer Parkways,Susanmouth,Massachusetts,65692,7.766839,-69.904959
Ashley Freeman,58,475 Navarro Road Apt. 075,Port Randy,North Dakota,10037,-57.351614,-51.947380
Stephen Flores,64,5798 Anna Terrace Apt. 478,Kelseybury,Indiana,67699,135.439988,-81.501293
Justin Gibson,30,97345 Bowman Canyon,New Melodyville,Hawaii,68491,-178.970927,80.3442975
Michael Johnson,35,4300 Ryan Underpass,Lake Kayla,Nevada,64725,-34.551344,-57.541436
Kara Johnson,19,8018 Larry Cliff Suite 927,Cookville,Vermont,96469,-78.566911,16.468879
Christopher Mayer,73,321 Contreras Cape Apt. 058,West Annemouth,Illinois,16290,-52.281398,-19.704996
James Shaw,38,662 Valerie Tunnel,Cynthiastad,Colorado,54318,-72.746995,-80.395485
Frank Cordova,69,7245 White Trafficway,West Dennishaven,Minnesota,48322,86.398157,16.587815
Mike Brown,76,063 Carla Road,South Kelsey,West Virginia,85917,69.629451,-66.032077
Allen Rose,44,740 Gaines View Suite 875,Tiffanychester,Mississippi,94513,135.957111,-59.016144
Gabriel Gomez,33,1027 Scott Islands,Ronaldton,Arizona,03853,98.215106,-74.788806
William Fitzgerald,46,672 Andrew Terrace Suite 045,Port Seth,Mississippi,25642,-117.991575,72.7953685
Donna Valdez,39,894 Cunningham Mall,Anthonyhaven,Texas,87786,-108.553724,43.5168005
Ashley White,52,65452 Bowen Square,Lake Tracyside,Idaho,92170,50.200376,4.3595205
Jennifer Mcdowell,70,198 Lyons Avenue,Robinland,Idaho,82985,166.020643,33.946502
Kevin Juarez,46,622 Russell Points,Port Alicia,Minnesota,74729,14.488519,80.513299
Elizabeth Thompson,34,450 Rodriguez Flats,Susanchester,Missouri,73739,-115.048643,86.980879
Melanie Gutierrez,50,13926 Alexander Burg,Lynnhaven,Nevada,21175,142.038157,-9.4333385
Adam Munoz,44,41664 Wilkins Dale,North Jenniferton,Alabama,01426,-114.010376,-27.7440515
Thomas Miller,49,17300 Dawn Lights Suite 352,Lake Nicholas,Oregon,18866,-141.704747,-37.877790
Ashley Perkins,33,49773 Cathy Shoals,East Kevinland,Nebraska,50564,21.158183,34.943193
Eric Scott,21,67635 Richard Vista Apt. 345,New Anthonyville,Nevada,90031,-113.874893,-35.0412745
Renee Kemp,58,27521 Chaney Mountains,Rogerhaven,Delaware,02125,155.654096,4.032989
Richard Wilson,61,2884 Robert Viaduct Apt. 199,Dannychester,Utah,47282,101.477870,59.5817045
Brian Logan,32,8746 Dorothy Port,North Robinburgh,South Carolina,42156,-165.957575,-23.1771695
Raymond Edwards,23,49254 Warren Land,Caitlinborough,Massachusetts,32621,129.867050,-26.624991
Brandon Smith,38,34868 Vega Ferry Apt. 990,New Jennifermouth,New Jersey,89179,-6.403509,-42.0346185
Russell Shepherd,45,7758 Michael Trace Suite 406,New Nicholas,Georgia,97772,-175.247884,52.128258
Joshua Barnes,76,415 Jones Greens Apt. 793,Lake Deborahstad,Oregon,57951,30.996966,22.503449
Jason White,20,538 Charles Lock Apt. 588,Brucefort,Washington,56842,-174.768400,-52.102153
Heather Rivera,18,51717 Castillo Plains Suite 489,Hallland,Washington,97548,-23.295881,31.587068
Sarah Sexton,69,558 Ward Highway,New Ruben,Alabama,11796,54.450827,-59.727450
Michael Andersen,37,64636 Miller Court,Kristenmouth,Delaware,69387,-140.800695,-29.7047805
Ashley Mitchell,47,0512 Robert Lock,Meyersburgh,Delaware,91459,63.520170,-53.363222
Hailey Rojas,48,2848 Matthew Center Apt. 506,Hallhaven,Michigan,62069,74.627768,-83.202601
Jennifer Andrews,25,1264 Anna Unions,South Marcia,Nebraska,53707,-170.153224,34.0663545
Angela Francis,20,3880 Joel Course,East Annette,Rhode Island,79907,-179.351848,-5.691123
Anthony Williams,47,81002 Mckee Lodge,East Brandonview,Wisconsin,32535,92.103510,36.217679
Veronica Lang,56,618 Morrison Expressway,Lake Beth,West Virginia,35246,-105.567218,77.557902
Tim Rodriguez,33,6102 Rodriguez Spur Suite 389,Rogersshire,Kentucky,22994,-105.054874,41.4875335
David Gibson,65,426 Wall Causeway,New Johnbury,Texas,54237,156.408526,78.4638355
Wendy Martinez,80,3161 Shawn Lakes,Michelleland,Wyoming,96757,-148.253472,14.278752
Kristine Martin,22,8818 Allen Orchard Suite 807,Ramirezborough,Arizona,13583,-38.905339,-47.6200555
Cynthia Cox,78,13976 Rebecca Lock,West Janetberg,Iowa,23701,-90.363753,-43.131935
Donna Krause,37,3846 Melvin Ports,Nicolefurt,Ohio,35326,-96.164264,66.637863
Sherry Ortiz,23,610 Lopez Well Suite 447,Kellyside,New Mexico,98326,-12.178982,74.270712
Kathleen Hayes,78,60019 Green Underpass,Lake Sherriview,Louisiana,15327,-135.276683,71.9900905
Alexandra Spears,43,1718 Davis Fork,West Jerrybury,Utah,06736,-139.965573,-72.200419
Holly Rios,37,9979 Ortiz Way Apt. 185,Port Stevenburgh,West Virginia,46197,-33.617595,69.673578
Juan Chandler,80,88336 Cory View Suite 090,New Michael,Tennessee,36825,-136.219149,47.8423415
Virginia Johnson,34,5287 Abigail Estate Suite 937,Byrdhaven,Massachusetts,66883,-46.107937,62.8486735
Shawn Winters,72,056 Love Wall Suite 064,Brittanyfort,Ohio,53087,-107.468399,-17.645826
Ryan Davis,78,7922 Solomon Street,Lake James,Maine,85726,-54.465477,11.8490175
Lindsay Braun,79,16473 Mitchell Cliff Suite 504,South Deanna,South Dakota,99768,-30.824689,-64.8504965
Tara Nelson,53,41591 Griffith Brooks Apt. 551,West Mason,Alabama,30806,177.144023,-80.649433
Paul Grimes,69,3999 Justin Mews Apt. 230,Chapmanville,South Dakota,03938,78.912778,56.594526
Michael Friedman,46,7930 Bryce Gardens Suite 190,Bradfordport,Alaska,52800,-128.320490,-41.594643
Emily Cunningham,52,06449 Susan Park,Donnaberg,Kansas,05340,30.638040,-0.2378835
Roberto Price,31,128 Black Rapid Suite 418,Floresport,Kansas,60273,-160.171649,-48.213050
David Hood,67,910 Davis Loaf,Lindseyshire,Oregon,11955,-105.529174,78.8995345
Paige Ramirez,43,4279 Kathy Row,Patelland,Delaware,26127,127.767530,18.412364
Ronnie Mack,25,1420 Allen Heights Apt. 805,Lake Allisonland,Virginia,52819,-2.913323,-28.1808855
Michael Mathews,26,582 Bass Street,West Brian,Idaho,57988,-108.217236,31.9425325
Kenneth Anderson,19,01894 Stephen Spring,West Steven,New Mexico,10135,156.225435,8.6019995
Lisa Martin,73,6576 Heath Isle Suite 034,Lake Dawnside,Kentucky,42578,166.496893,38.2086715
David Rodriguez,76,7392 Maureen Inlet Suite 129,Lake David,Alaska,33534,-125.353407,-5.727275
Rachel Pierce,43,64254 Brady Run,Douglasville,Oregon,60918,-143.150129,-79.8351175
Jeremy Davis,37,0533 Kyle Light,West David,Missouri,59201,153.828977,7.1026415
Emily Gardner,18,0773 Gail Passage Suite 348,Spencerburgh,Vermont,74839,-179.469207,-6.765213
Julie Lester,20,2585 Smith Dam Suite 412,Victorburgh,New Mexico,64121,141.886802,56.9869075
Grace White,54,999 Reyes Port,Kylechester,Hawaii,18276,37.269556,-81.076623
Joshua Thompson,55,2039 Luis Flat Apt. 236,Lake Jeff,Tennessee,44127,-149.574201,-61.238648
Michelle Dennis,37,624 Miller Island,Brandonview,Mississippi,16874,-63.682908,55.496537
Albert Santiago,68,854 Jon Extension Suite 984,New Michael,Texas,03699,-82.350283,-61.620972
Amber Rush,53,0394 Crane Fork,Cantufurt,Wyoming,57399,-15.387409,89.3852845
Sarah Lee,30,1974 Barber Common,Michellemouth,Utah,62537,153.988341,52.7761565
Angela Hogan,58,8239 Reed Junction,East Alan,Utah,20576,31.070110,61.689849
Nicholas Davis,52,39010 Jared Points Suite 019,Sarahshire,Wisconsin,47180,-173.207285,71.155980
Samuel Rivera,23,8161 Deborah Manor Suite 115,Lake Markchester,Tennessee,87856,-108.344641,61.4088195
Elizabeth Ross,42,7440 Williams Mountain,West Danielleberg,Utah,21584,26.143237,-64.268661
Steve Daniel,63,516 Julian Estates Suite 568,South Maurice,Illinois,70037,-95.231785,-27.0638585
Janet Foster,65,393 Jonathan Port Suite 292,Michelefort,Louisiana,17834,179.543129,67.3958605
Linda Tran,49,7364 Dean Drives,Wayneborough,Wisconsin,22431,5.103147,-10.883420
Christina Randolph,36,020 Stone Passage Apt. 658,South Brandy,Texas,69558,84.861830,29.5457525
Rachael Johnson,33,6357 Karen Alley,Elizabethview,Massachusetts,14227,-154.454031,-53.9391315
Jeremiah York,49,034 Tina Lights Apt. 697,West Mariamouth,Maine,21395,-169.762985,43.7274555
Craig Rhodes,35,9243 Wilson Mountains Apt. 100,Harperborough,Indiana,23313,-128.388733,-86.547693
Christian Love,75,1880 Michael Tunnel,West Alexandria,Kansas,28119,139.602856,14.465876
Travis Burton,38,857 Chapman Walks,Rollinsborough,Maryland,33127,70.916316,-19.147443
Wayne Bowman,48,57248 George Rest Apt. 458,Port Lesliestad,Missouri,65903,70.471547,79.1637105
Mr. John Davis,43,567 Cruz Valleys,New Michele,Maine,21446,-135.330061,-27.4988985
Ashley Russell,39,60637 Daugherty Brooks Apt. 353,East Micheleside,Ohio,94339,78.485635,-56.2533755
Andre Ho,24,960 Wong Club,Brittneystad,Arkansas,94432,-143.487984,-2.3076035
Stacy Hill,59,5170 Connie Circle,New Sarahburgh,Idaho,67660,-147.244080,-85.2303565
Julie Reid,67,1969 Victoria Plains,Millerberg,Tennessee,16680,-77.106683,24.803873
Jason Moreno,65,240 Stewart Club Apt. 389,Elizabethborough,Vermont,34603,132.611273,3.223727
Brian Parker,76,0947 Church Haven,Williamsonborough,Kansas,39641,169.977399,27.1008895
Joseph Burch,37,0518 Terri Landing Apt. 907,West Randy,South Dakota,05379,-70.781864,-36.150436
Erin Miller,72,5558 Jones Cliff Apt. 012,Georgebury,Washington,44356,-53.029303,19.189635
Leslie Russell,27,2746 Jay Garden,Port Jennifertown,Wisconsin,29044,95.325391,9.1022345
Thomas Jones,55,67004 Jennifer Tunnel Apt. 691,Elizabethshire,Georgia,54992,53.313139,89.979216
Austin Miller,61,06185 Petersen Streets,East Katherine,Massachusetts,51193,-149.418551,-17.8933905
Michael Rosario,33,5887 Joshua Greens Suite 155,Randallville,Wyoming,08768,15.161782,-50.507147
James Durham,48,992 Harrison Turnpike,Jacksonville,Wisconsin,92000,40.684496,83.3643995
Elizabeth Rodgers,20,20761 Anita Land,Combsshire,North Carolina,63515,-176.934443,45.8506815
Deborah Dean,39,7209 Ashley Streets,Johnsonmouth,North Dakota,56906,21.814602,-44.767899
Veronica Johnson,42,3342 Rodriguez Mountain Suite 075,Sarahstad,Montana,35506,164.927655,35.909830
Kristina Salinas,77,9786 Burton Light,Alexanderstad,Nevada,31039,172.746301,3.688910
Alejandra Lambert,62,02468 Hogan Pass,New Donald,Georgia,82887,-94.626522,-47.148382
Thomas Williams,69,314 Amber Estate,Christopherview,New Hampshire,18629,-117.477021,-75.059514
Lisa Burke,23,33521 Knight Cliffs Apt. 924,Walterbury,Missouri,49519,56.003221,-29.6129225
Tammy Brooks,58,5907 Joseph Forges,North Kathystad,Alaska,07665,78.130618,-5.5697935
Andrew Blankenship,54,2774 Walsh Spur Suite 657,Williamstad,Arizona,61494,-163.715584,-22.841989
Tanya Jackson,39,2991 John Curve Apt. 635,Robertmouth,Colorado,18126,-68.291652,74.9003135
John Rodriguez,30,45637 Elizabeth Isle,West Katherine,Virginia,45259,16.094060,-25.9197685
Destiny Holt,20,981 Stephanie Junctions,Fieldsview,Wisconsin,30685,33.054691,-0.783367
Steven Paul,30,769 Kathleen Highway Suite 945,Reynoldsborough,Vermont,21938,-91.262176,-68.558661
Trevor Arnold,65,435 Kim Meadow Apt. 371,Clintonchester,South Carolina,60359,5.132637,-67.378153
Gregory Graves,63,941 Diana Trail Apt. 746,Tiffanybury,Minnesota,39335,-67.248201,-4.3422685
Christina Rivera,55,041 Eric Extensions,Port Andrealand,Delaware,02409,-137.168158,21.4400645
Juan Davidson,54,1856 Kyle Fields Apt. 135,Andersonberg,Michigan,31836,-52.230246,-89.030595
Jeffery Lyons,58,9632 Wesley River,Lake Donaldside,Pennsylvania,90619,47.529882,7.401437
Scott Barron,68,4501 Williams Islands Apt. 441,South Alicia,Texas,50524,79.348418,7.053184
Caleb Cooper,26,80106 Edwards Isle Suite 861,North Shannon,Delaware,76499,83.705119,47.825248
Tracy Moore,71,549 Lisa Union Suite 038,Lake Manuelview,Nebraska,20632,97.448967,58.4640515
Colin Moore,47,62396 Sharp Road,Jennifertown,Massachusetts,31653,-69.793620,43.010095
Kyle Morgan,69,75843 Wilson Shore Suite 009,Alexisshire,Maine,54968,43.553370,-13.5813705
Michael Edwards,25,61550 Lisa Overpass Apt. 019,Farrellmouth,Delaware,12955,-119.155736,-81.154892
Christopher Smith,80,535 Boyle Unions,Port Melissafort,New York,78306,22.783310,-10.271334
Barbara Hayes,46,2731 Johnson Key Apt. 389,Lake Debra,Rhode Island,44571,-101.300782,13.285868
Mary Marshall,24,0433 James Unions,Scottland,California,18764,-14.933825,59.175768
Mr. Christopher Castillo,54,610 Wong Canyon,East Hannah,Vermont,98676,71.842981,-26.044835
Rhonda James,71,4529 Victor Causeway,New Scottshire,North Dakota,02408,-172.573387,60.270395
Cindy Fischer,69,31924 Jeffrey Hollow Suite 764,Christopherborough,Hawaii,29542,81.041799,-58.270344
Erin Horn,78,0362 Gould Valleys,Glovershire,Virginia,53772,-141.057885,38.9769565
Amanda Rodriguez,63,58263 Ford Corners Suite 690,New Melissabury,Indiana,41658,-41.678603,-41.581705
Julie Jacobs,75,757 Jackson Loaf,Stewartchester,Iowa,51033,48.247056,-70.303803
Miguel Lee,79,5336 Stephanie Plaza,Lake Vanessastad,Iowa,78426,-148.544543,50.4685985
Suzanne Davies,56,1047 Castro Overpass,Katherineborough,Maryland,07466,112.011664,-62.6644375
Ms. Amy Davidson,28,692 Ramirez Plaza Suite 267,Brentstad,Maryland,84166,105.294851,54.496181
Scott Lewis,75,038 Susan Ramp Suite 878,West Megan,Indiana,04205,-46.596927,-83.5994665
Cheryl Morgan,76,51197 Courtney Shore Suite 926,Port Jeremystad,Illinois,67991,144.473278,15.2436265
Darren Berg,41,077 Melissa Junctions,Charlesview,Massachusetts,53652,72.751912,-37.056866
Audrey Marshall,46,10066 Valenzuela Views,East Katelynfurt,Rhode Island,43516,-84.879023,-4.7759545
Joseph Cardenas,21,001 Mccoy Prairie Suite 189,Websterfort,Colorado,86172,131.522882,44.8683775
Kenneth Lewis,50,539 David Landing,East Melissamouth,Mississippi,28649,166.550525,-19.615619
Regina Davidson,59,8055 Brown Trace,North Amanda,New York,64632,-166.625279,70.6956525
Ashley Melton,49,9000 Ryan Keys Apt. 623,North Bethany,Louisiana,49326,-36.223502,45.780705
Jessica Carpenter,63,71500 Douglas Square Apt. 765,Melindaton,Missouri,55217,117.820485,38.0356455
Julie Mcmahon,54,1677 Mark Path Apt. 604,South Jason,Indiana,98616,-60.480083,81.1545755
James Richardson,77,7126 Michael Valleys Suite 343,Gillborough,Idaho,18983,-150.989903,32.3974385
Jacob Livingston,50,349 Sarah Turnpike Apt. 509,Garciamouth,Hawaii,17852,-56.487953,-44.537030
Jack Williams,52,0327 Andrews Heights Suite 427,Lake Garystad,North Carolina,46853,-34.225647,8.7753765
Daniel Shelton,73,2272 Wong Trail,Gonzalezburgh,South Dakota,03845,-61.371626,-73.652072
David Anderson,67,7584 Christopher Parkways,Port Kenneth,New Mexico,88800,-71.233424,-75.577735
Daniel Clark,71,902 Robert Villages Apt. 418,Alfredmouth,Hawaii,41499,-106.556721,87.9846065
Lori Lyons,36,98716 Mills Loaf Apt. 037,Murrayhaven,Massachusetts,10669,43.844210,-12.412967
Wendy Riggs,60,9353 Walker Manors,Lake Elizabeth,Illinois,15598,85.367817,-1.6421545
Daniel Medina,35,03723 Orr Mountains Suite 826,Michelleburgh,New York,21266,94.698949,-15.3483975
Joshua Cox,27,64712 Allen Circle,South Michael,Missouri,83672,-16.414870,-67.749016
Donna Woods,22,5672 Kirby Turnpike,South Carlfort,Pennsylvania,91420,-34.902596,-85.140435
Erica Graham,50,6748 David Way Apt. 868,North Jamie,Wisconsin,36208,40.632627,-51.3570245
Alejandro Francis,69,849 Carrie Lakes,Smithville,West Virginia,39736,52.920278,-16.388843
Erika Harmon,20,29833 Paul Mountains Apt. 968,Austinfort,Illinois,62958,10.564639,-52.778404
William Castillo,42,43724 Deborah Views Apt. 583,New Juliemouth,Mississippi,97155,132.230953,27.6820525
Jacqueline Evans,20,2606 Jasmine Cape Apt. 905,Port Joshuamouth,Kansas,04754,64.397554,-77.1026925
Matthew Gonzalez,66,483 Douglas Walk Apt. 413,Josephview,Kansas,69679,-1.202360,66.9947175
Dylan Ward,75,17149 Cardenas Shore,South Aaronview,New Mexico,44983,54.126065,-11.3135495
Ricky Parker,58,87296 Davis Well Suite 509,Lake Heathertown,Georgia,38013,-0.960624,1.0125885
Jennifer Wilson,26,523 Aaron Meadow,Stephanieport,Hawaii,21841,-69.943717,31.8964015
Ashley Jones,28,8355 Meyer Field,Tatemouth,Texas,36962,58.278832,-40.6411455
Amy Wiggins,40,633 Richardson Junction,North Traceymouth,Nebraska,09770,-112.688089,24.0723805
Tammie Morgan,55,190 Diane Path,Lake Nicolemouth,Vermont,01541,150.379773,21.6262435
Debbie Garrett,47,71338 George Groves,Chandlertown,Florida,55632,-65.979452,5.8304305
Darrell Morgan,51,6809 Taylor Mountains Apt. 035,Randallmouth,Massachusetts,45025,-60.873360,-43.311119
Thomas Lopez,37,3334 Taylor Wells Suite 953,East William,South Carolina,98854,-83.678094,-13.881446
Heather Hill,25,5192 Caleb Ways Suite 617,Teresabury,Arizona,12696,105.262803,-24.715503
Timothy Simmons,41,021 Paul Bypass,North Nicholas,Wisconsin,95059,-155.992936,-35.697191
Laura Williams,32,640 Megan Springs Suite 489,Erinside,Alaska,43168,148.045954,-86.548177
Amanda Lee,30,6877 Smith Common Suite 200,Georgetown,Tennessee,26021,-173.488734,38.9983155
Rachel Cruz,73,4879 Carter Pine Apt. 199,Weaverton,Montana,18841,45.964754,-27.667436
Edwin Morris,78,462 Barnes Station Apt. 882,Woodside,Kentucky,66881,111.626832,19.820989
Keith Berry,54,9693 Brooke Valley Apt. 862,Lake Zacharymouth,Massachusetts,69483,112.558006,89.849606
Nancy Mclaughlin,74,813 Susan Plaza,East Jennifer,Nevada,27627,-142.877198,-66.8138675
Jonathan Williams,19,73836 Michael Bypass,Lauraberg,Alabama,46005,148.829065,29.1134115
Cory Hanson,56,88320 Leslie Alley Suite 488,Josephchester,Mississippi,80643,-130.940101,35.112445
Adam Scott,30,68066 Nancy Coves,Lake Donald,Colorado,35789,-107.785499,74.447931
Peter Higgins,57,72115 Smith Manor Suite 945,West Melissa,South Dakota,56518,75.008369,38.1357395
Alexis Cantu,54,5527 Steele Plaza,Whiteville,New Mexico,23358,141.486849,56.829049
Danielle Jones,25,4906 Hale Point Apt. 448,Lake Erin,North Dakota,91280,-154.723428,86.6469645
Tracey Martin,19,362 Rachel Well Apt. 795,Laurenport,Iowa,35267,37.988775,-14.9233915
Bobby Russo,72,431 Tim Light Apt. 713,Smithville,New Jersey,09747,-179.874404,-5.2374665
Jacqueline Grimes,55,339 Hernandez Key,West Courtney,Michigan,52629,-61.578089,-70.2376805
Edward Moore,38,63414 Kimberly Forks Apt. 311,Arthurport,Missouri,97193,62.195372,31.162302
Zachary George,21,439 Tony Heights Apt. 176,North Richardberg,North Dakota,46256,-61.467797,44.1882365
Jennifer Gutierrez,56,323 Melissa Ville Suite 567,Justinmouth,Utah,45504,-53.499002,44.4480155
Jesse Galvan,59,443 Gonzalez Drive,East Josephview,North Carolina,36036,-178.036310,-38.827502
Ricardo Conner,61,72065 Brittney Club Apt. 664,New Jerome,Nebraska,48057,147.669304,-63.571872
Diane Logan,51,694 Kristina Crest,Patrickport,New York,89370,-2.738951,87.585236
Pamela Gonzales MD,32,3006 Cummings Road,Port Deborah,Texas,18498,159.433255,73.8319615
Glenn Day,59,257 Price Prairie,South Margaretborough,Wyoming,01495,69.389949,-83.3342675
Robert Olson,34,900 Jim Common,Cobbbury,Oklahoma,56812,-140.590315,-32.193431
Brandon Woods,51,68167 Porter Rest Suite 063,East David,South Carolina,56485,-161.594332,-62.0733395
Ashley Hayes,30,729 Adams Plains Suite 737,Quinnville,Kentucky,44084,-57.046580,-15.0013595
Sharon Spence,34,851 Cassandra Underpass,New Paige,Alaska,79045,-127.962857,-34.924170
Sarah Perry,61,9176 Dawn Mount,Morrisonville,Kentucky,17923,136.912554,0.820897
Alexis Ortega,54,2811 Washington Crest,New Dawnland,Hawaii,95445,-159.881370,-22.222818
Miranda Foster,70,027 Dominguez Garden Apt. 992,Garcialand,Iowa,10894,12.126289,-54.745181
Stephanie Patterson,29,44704 Roberts Rue,Carrollshire,Florida,69368,-103.241869,-1.0579365
Scott Gill,39,712 Christopher Divide,North Tracey,New York,67545,-1.974322,26.3145295
Stacy Norris,26,06084 Debbie Manors,Port Nicholasbury,New Hampshire,52624,-179.994768,-14.0422725
Margaret Burton,75,46822 Vickie Common,Lake Kimberlyton,Utah,80117,37.084654,28.585948
James Horne,54,83498 Donna Circle,Silvafort,South Dakota,66229,57.810396,46.6406485
David Patel,20,0593 Huffman Centers Apt. 986,Jasonview,Wisconsin,99359,174.728665,-83.2936715
Julie Wood,37,6745 Henderson Mountains Suite 380,Isaacberg,Hawaii,72406,-150.620813,-22.7922025
James Brown,47,487 Ronald Locks,Masonmouth,Iowa,12769,-116.319231,25.809725
Richard Thornton,70,0757 Hines Turnpike,Alexanderstad,North Dakota,66130,125.229737,-80.075734
John Chandler,24,619 Leach Way,Port Karlfort,Nevada,76289,-163.331249,16.417720
Kenneth Hill,77,6666 Bell Dam Apt. 404,West Michaelburgh,Louisiana,74940,73.996122,-9.470835
Jennifer Hubbard,70,282 Smith Via,Port Katrina,Kentucky,83659,36.761262,-84.8392825
Sean Huynh,73,207 Duane Burgs Suite 310,South Josephmouth,Iowa,01594,-75.562336,-15.1768845
Rebecca Li,34,36594 Renee Hill Apt. 928,Port Walterton,Mississippi,01652,41.474429,-31.2816815
George Wilson,39,31101 Vincent Rest Apt. 248,Jillbury,Ohio,49988,168.554921,71.6151785
Savannah Mason,78,894 Richard Center Suite 678,Mannshire,Washington,46053,27.818480,29.4249355
Alexis Sims,22,5827 Strickland Field,New Charles,Wisconsin,86651,-7.009580,-55.332463
Chris Jones,30,902 Dana Summit,East Shannon,Mississippi,41556,-13.730325,50.4801055
Michael Stanton,31,528 Jacqueline Shores Suite 575,Jimenezbury,Kansas,71360,113.798320,-69.4435425
Sean Fox,49,78647 Wallace Lane Suite 291,Jenkinston,North Carolina,63059,-28.875129,-54.967959
Pamela Sullivan,49,23814 Amy Highway,Oscarhaven,Alaska,21704,93.112925,-3.269011
Alexandria Ray,19,0750 Lane Lights Suite 841,Henryborough,Virginia,13440,-76.091470,-50.866176
Dean Andrade,21,613 Russell Plaza,Stevenview,Nebraska,09251,-60.506868,-67.3600605
Ebony Gibson,36,15072 Kim Fort Suite 453,Longport,Wyoming,70961,-58.334937,2.2433305
Ruth Walker,80,60043 Julia Meadow,South Theresamouth,Hawaii,46015,159.950514,57.3364975
Crystal Ward,25,2623 Logan Cliffs Apt. 151,Lake James,Mississippi,02905,-64.552480,-40.1259675
Miguel Hays,47,4636 Silva Glen Apt. 562,Rachelview,Colorado,21979,80.351457,-45.196950
Bethany Andrews,18,136 Melissa Cliff Apt. 897,Williamsmouth,New Hampshire,19929,174.015464,-74.069906
Angela Howard,20,4614 White Dale,Kristenchester,Vermont,16186,59.918323,-16.392573
Amanda Williams,78,7917 Wilson Ridges Apt. 423,Laneport,Virginia,93211,-44.946482,-10.7276595
Alexander Figueroa,63,86303 Elizabeth Inlet,Caldwellbury,Pennsylvania,44616,-154.822970,41.976063
Sarah Silva,60,79876 Leach Dale,East Dawn,Tennessee,48398,-122.903473,42.1331545
Richard Daugherty,51,803 Riley Shoals,Edwardsbury,North Carolina,22368,114.832002,-64.8114555
Adam Patton,34,24762 Dunn Loaf,East Patriciaborough,Idaho,57930,142.268056,-70.162435
Jennifer Hahn,22,48416 Dominguez Bypass,Sullivanberg,New York,90086,-91.716849,-32.9536945
John Williams,39,9103 Kevin Radial,Bridgetton,New York,28528,85.738320,-48.974821
Caitlin Mills,27,9515 Mary Isle,Danielsmouth,North Dakota,38055,85.674535,56.4871205
Vanessa Ayala,56,1976 Terrence Skyway Suite 683,East Sarahville,Tennessee,41571,-48.289647,-87.847147
Michael Collins,39,530 Johnson Plain,Port Kimberly,Idaho,52672,-62.204697,-1.9778305
Taylor Walker,63,45149 Kayla Summit,Cannonshire,South Dakota,22607,-130.740395,8.398278
Shannon Hodges,64,4747 James Keys Apt. 325,Danaport,New York,87183,-100.851633,-65.3266165
Emily Wilkerson,54,71613 Nathan Forks,Martinmouth,West Virginia,53388,101.402375,62.816828
Tina Vaughn,62,93795 Alan Trail Apt. 030,Johnsonbury,Pennsylvania,91330,5.101460,-87.405679
Rebecca Webster MD,34,64227 Rogers Manor,Keithchester,Florida,39962,85.406644,89.1311825
Patricia Cherry,55,30563 Isaac Drive Suite 962,Port Robin,New Hampshire,35109,162.522669,15.451739
Michael Hines,74,244 Ray Green Apt. 274,East Lancefurt,Kansas,96043,50.541300,-59.9736525
Eric Page,18,754 April Pike Apt. 003,Julieborough,Iowa,99013,123.127068,-74.1453425
Shane Cook,70,7586 Silva Square,Martinezport,Wisconsin,80775,94.477103,-5.210827
Paige Cook,80,48207 Gonzalez Viaduct Suite 217,West Cameronview,Georgia,80752,-49.330543,-16.470409
Julie Sanders,30,701 Wallace Mountains Apt. 041,Samanthashire,Iowa,07486,70.047005,-24.6593055
Brenda Serrano,52,28958 Mcconnell Inlet Apt. 397,Diazstad,Connecticut,44443,-33.268245,-45.7052665
Jennifer Brown,42,490 John Mall Suite 170,South Karen,Connecticut,77411,150.620561,57.198107
Michael Wright,62,89838 Keith River,Myersport,Minnesota,68913,74.803254,-53.6463695
Kimberly Lyons,64,89294 Paul Key,West Sarahbury,Wisconsin,31384,-122.348448,-30.3883385
Joshua Coleman,18,204 Hayes Squares,Port Adrianmouth,New Jersey,88324,-19.900028,83.2537745
Kristin Black,56,3201 Vicki Vista,South Alyssamouth,Montana,85064,11.829569,-62.0870695
Kimberly French,57,55250 Flores Spring,Noahfurt,West Virginia,50554,91.886142,28.7035885
Sophia Wright MD,36,753 Howard Parkway,Colemanhaven,Rhode Island,58573,56.215423,-6.431257
Scott Shaw,25,59109 Kerr Rapid Apt. 661,East Julieberg,Minnesota,82184,99.478850,50.8631535
Amy Wilson MD,18,5739 Jeff Parkway Apt. 580,Jenniferfurt,Delaware,88374,106.454124,27.8284135
Abigail Price,55,9176 Brian Flats Suite 471,Lake Stephanie,Louisiana,96966,68.252954,53.871026
Brittany Wilson,52,512 Carrie Crest Suite 208,Brandonburgh,Oklahoma,08421,-172.791148,36.052262
Dr. Elizabeth Shaw,75,7283 Foster Island,Velezton,Rhode Island,50246,160.967876,-72.3966785
Teresa Manning,72,697 Sarah Circles Suite 245,Brandonland,Vermont,58190,75.988057,23.1935445
Elizabeth Espinoza,39,7452 Michael Ports Apt. 366,Cassandraville,California,35192,-127.354587,-39.0336405
Amy Johnson,25,65537 Ryan Station Apt. 174,West Johnfort,West Virginia,71138,-21.494844,-66.417725
Ernest Patel,32,91984 Williams Corner Apt. 142,West Jeffery,Oklahoma,95597,-53.887817,-34.9677925
Brian Anderson,75,669 Jordan Lakes Apt. 477,West Mary,Utah,97890,91.495382,44.2430565
Nicholas Glass,28,363 Sara Wells Suite 079,Lake Erin,Virginia,46641,-116.350969,11.304943
David Black,39,9767 Steven Grove,New Haley,Montana,40591,-74.779855,27.790494
Kathleen Woods,23,0863 Hunter Ferry,South Bruce,Delaware,82968,-100.993142,-5.758040
Paula Henry,35,431 Michael Stravenue,East Abigail,Arkansas,21006,-177.062974,-74.6774795
Heather Jackson,78,345 Beck Bridge Apt. 560,Mendeztown,New York,55235,86.779201,-19.3857555
Raymond Singleton,69,160 Torres Divide,West Sean,Connecticut,95160,-38.326308,71.431216
Maria Lamb,37,619 Andrews Trail,Lauramouth,Texas,36340,52.412569,-30.038451
Kaitlyn Parks,64,779 Todd Square,Keithview,Rhode Island,33935,152.817514,8.4075515
Darren Stewart,25,28494 Young Pass Apt. 060,Crawfordbury,Georgia,86983,176.006922,55.8743205
Oscar Brown,69,899 Michael Junction,North Brittanyfort,Indiana,67101,167.213090,-66.2085355
Bryan Walker,49,86234 Devin Unions Suite 591,Turnerberg,Florida,52232,-132.529614,14.8207775
Cheryl Mahoney,60,54772 Lewis Alley,Codybury,Ohio,34642,-159.446921,-13.6293545
Vicki Yates,57,566 Lawson Causeway Suite 675,West Richardhaven,West Virginia,53863,-77.402831,66.9022155
Nancy Beck,32,947 Jared Port,New Andre,Delaware,19893,24.460382,-25.6097045
Mark Vargas,80,7808 Hernandez Wall Apt. 570,East Levi,Michigan,16788,134.496152,-11.4489715
Philip Love,23,64793 Collins Expressway Suite 558,Shirleyberg,Maryland,18111,124.333414,-60.852927
Dr. Kayla Cruz MD,80,9177 Olson Mission,New Jamie,Ohio,12723,-29.221672,-53.042032
Gavin Simmons,59,138 Christine Course,Port Heathertown,Minnesota,36540,53.079163,33.640230
Sarah House,57,56528 Tate Passage Suite 591,Mathisstad,Wisconsin,39576,149.818111,42.972121
Wanda Stone,29,4374 Kyle Square Apt. 414,Ayalahaven,South Carolina,19028,129.605972,-24.543057
Laura Bennett,26,43009 Krystal Island,Rojasstad,Missouri,48935,-97.382413,-81.3595945
Donald Hunter,20,636 Richard Squares,Michaelhaven,Kentucky,88664,-86.266325,63.727393
Brian Burgess,58,230 Price Villages,New Henryfort,Pennsylvania,52433,175.050450,-61.688880
Mr. Manuel Maldonado,69,31428 Lopez Haven,North Hannah,Utah,41412,-155.026264,14.488867
Jessica Lewis,80,2633 Clark Valley,Sheastad,New Mexico,67191,32.091955,-29.4289965
Michael White,29,34310 Salinas Fork,Port Beth,Texas,85131,43.371126,-68.5622615
Courtney Bryant,70,2007 Fox Knoll,Port Williamfurt,Arizona,90090,-123.497840,-33.064201
Ryan Gonzalez,78,4356 Cross Estate,East Susanmouth,Tennessee,19097,98.519738,-63.538007
Eduardo Davis,26,237 Bullock Courts Suite 373,West Aaronfurt,South Carolina,91008,-129.520359,-72.2222635
Angel Anderson,55,72205 Anderson Roads,Lake Elizabeth,Minnesota,45021,-76.568788,-35.5142165
Taylor Oneal,76,110 Cruz Camp Apt. 252,Jenniferside,Oklahoma,50201,-25.122290,71.4128215
Cynthia Evans,74,9527 Billy Ways Apt. 359,Lindahaven,Washington,01862,160.812718,-22.7575845
Corey Stewart,79,810 Stephens Club Suite 935,Bryanchester,Michigan,63772,90.904124,-2.310479
Michael Herrera,49,2985 Mary Walks Apt. 015,Moniquetown,Idaho,14678,-174.333480,-45.5385875
Justin Miller,23,4216 David Light Apt. 997,South Williammouth,New York,88838,-63.478808,7.1803855
Mark Beck,31,48976 Johnson Motorway,Harperside,Nevada,26210,-128.733167,87.857444
Sabrina Zimmerman,28,96567 Kevin Fields Suite 473,Lake Danielle,Massachusetts,52067,-52.050592,66.674333
Adam Ryan,63,495 Scott Well,North Debra,Pennsylvania,47555,117.159052,-2.465589
Nicole Taylor,46,38564 Suzanne Pine,Catherineburgh,Pennsylvania,56875,99.572065,-32.4780955
Martin Mason,29,2416 Rachael Heights Apt. 098,West Christina,Wisconsin,83696,119.932732,2.511356
Aaron Garcia,58,503 Dickerson Ridges,East James,Georgia,38128,-174.050883,-30.0615535
Shelley Lewis,26,034 Lee Avenue,Perrymouth,Oklahoma,83864,-53.214049,2.5724435
Amanda Gonzalez,22,1838 Lisa Plaza,North Morgantown,Maine,16968,50.137183,10.670935
Roger Smith,34,6713 Torres Road,New Shannonside,North Carolina,66258,-20.823212,80.847143
Monica Curry,32,401 Howe Ridges Suite 568,New Alexisshire,Massachusetts,42096,32.395257,55.9115365
Ryan Arnold,65,6925 Sherry Cliff Apt. 010,Lewisburgh,Wisconsin,40576,12.633090,-77.0211485
Robert Pitts,56,2910 Elaine Haven,East Elizabeth,Minnesota,16684,-12.066104,-18.849590
Emma Gutierrez,34,5100 King Divide Suite 757,Jamesmouth,Colorado,11200,-170.371568,-67.878114
Michelle Matthews,24,9662 Michael Tunnel Suite 759,Martinezview,Washington,57987,171.169280,68.0064675
Jordan Mitchell,37,9361 Williams Lane Apt. 896,Gutierrezton,Rhode Island,02951,-45.625179,-40.395544
Christine Shepard,47,02710 Olson Walk Suite 556,West Joseph,Minnesota,26065,22.149866,-30.7146995
Stephanie Webster,24,740 Wright Shores Suite 343,Jerryborough,Iowa,08345,116.912384,-29.832667
Katherine Moore,62,836 Robert Ville,Torreschester,Utah,97334,110.072580,-66.7801935
Carol Robertson,58,915 Brown Garden Suite 129,Cindyberg,Illinois,75971,125.407926,22.949394
Mrs. Samantha Blackwell,69,2886 Smith Falls,Kington,New York,73575,-118.103797,68.1467755
Michael White,66,41342 Wilson Circle Apt. 493,South Stephanieshire,Alabama,21024,-83.780855,44.3163075
Michael Atkins,68,70807 Rachel Plain Apt. 040,Taylorstad,New Mexico,18923,-74.827326,24.9881825
Alicia Warren,52,25901 Bell Mountain Apt. 076,North Rachelberg,Idaho,38617,-72.316874,-60.5455035
Louis Stephens,24,56651 Lewis Shore Apt. 669,New Morganville,New Jersey,29578,141.423938,-2.1302665
Rhonda Potts,20,01477 Julie Mountain,Donnastad,South Carolina,65864,160.262680,-2.111190
Natalie Gilbert,24,26677 Ortiz Glen Suite 401,Lake Brendaton,Kentucky,63824,-95.254410,24.2090965
Gina Grimes,59,24424 Howell Points,Willisborough,Colorado,03352,170.657219,-27.6843115
Molly Chaney,36,608 Rachel Passage,East Christina,Washington,73411,130.948275,-11.510247
Michael Morales,72,777 Aaron Loop,Isaacmouth,Nevada,10202,147.943078,66.557739
Chris Giles,64,90619 Natasha Crossing Apt. 564,Jacobtown,California,93779,-81.182286,35.269881
Shannon May,62,4443 Merritt Summit,Tracishire,Oregon,73395,84.739721,89.2913475
Kathleen Holden,34,2550 Darryl Spring,Samanthaland,South Carolina,92699,50.002089,67.4373835
Sara Greene,45,379 Jennifer Avenue,Dunlapton,Louisiana,73637,-6.221668,39.1203455
Kevin Brandt,22,85461 Kelly Garden,Scottchester,Hawaii,13607,111.973038,49.680785
David Carpenter,77,356 Joann Village Apt. 707,Spencerstad,Illinois,99751,143.582464,-46.156224
Regina Taylor,24,773 Fox Islands Suite 480,Jensenburgh,Colorado,49311,142.359823,67.6188685
Marcus Ramos,58,45738 Graves Square Suite 348,Port Melissahaven,New Jersey,01368,-71.962904,-78.4559375
Christina Franklin,27,3065 Lauren Meadows Apt. 159,Doyleport,California,03292,138.458764,-59.5164955
Tonya Davis,36,9924 Garcia Tunnel Suite 325,Robertside,Colorado,38007,-36.064033,-57.824682
Marcus Jones,63,13297 Mark Road,Sandersborough,Kansas,94959,-15.513853,19.359916
Taylor Yates MD,54,7278 Griffin Brooks Apt. 362,Juanfort,Maine,31266,15.197137,-27.229153
Steven Duran,23,1949 Bennett Island Suite 775,Jerryfurt,Kentucky,56843,174.751412,83.333145
Sarah Daugherty,63,115 Adam Mount Apt. 390,New Brent,Tennessee,37158,70.374330,-12.489181
Connie Burke,32,27814 Marsh Shore Suite 762,New Amanda,Delaware,62995,-109.097018,-80.7200075
Sara Mills,25,56529 Davis Ridges,Coopertown,South Dakota,78232,-57.404687,-8.8910135
Jessica Parker,53,1952 Dudley Dam Suite 972,Davidchester,Illinois,64429,-30.802416,-39.819327
Rebecca Massey,52,540 Angela Ferry,North Kelly,Tennessee,16761,-77.765091,68.516712
Kelly Clarke,62,877 Andrew Parkway,Lake Jillian,Pennsylvania,43383,-136.787991,12.316816
Judy Foley,56,4519 Stewart Lodge Apt. 630,Jasonton,Arizona,16249,-116.439704,-60.380882
Steven Rosario,64,00921 Ramos Club,New Sarah,Georgia,90565,25.081406,8.3017905
Alexander Bruce,40,027 Burch Rapids Suite 256,Lake Jacquelineport,Ohio,23265,59.923342,25.0997465
John Benjamin,61,7911 Tate Isle Suite 025,Johnchester,New Jersey,20627,-155.275744,26.882495
Eric Juarez,79,0669 Zuniga Shore,East Michael,Idaho,87491,-113.746092,-39.240124
Heather Rodriguez,36,11291 Joseph Ports,Goldenmouth,Arizona,31509,-88.543689,-24.995753
Brandy Burnett,71,1313 Sean Valleys,Maryburgh,Utah,35433,-43.314888,-5.9014105
Kevin Turner,23,640 King Coves,North Sandramouth,Louisiana,73009,130.712147,31.6928595
Eric Ochoa,40,51163 Kent Ports Apt. 367,Port Nicole,New Jersey,47983,-23.141654,83.271895
John Charles,41,12145 Robyn Club,Amberburgh,Maine,71475,11.027701,74.8944255
Allen Rodriguez,52,56386 Courtney Court Suite 971,Aliciachester,Colorado,16447,-100.492382,14.530105
Peter Welch,60,3804 Ruiz Ports Suite 968,Simonbury,Rhode Island,86383,-170.834141,54.305497
Richard Hall,50,2737 Gutierrez Village,East Sherri,Wisconsin,58580,85.879188,34.1592315
Jennifer Guerrero,61,4972 John Plain,Taylorfurt,Maine,00811,137.901561,41.6488055
Olivia Woods,79,154 Susan Wells Apt. 391,East Madelinechester,Minnesota,00848,156.112039,55.1187605
Melinda Mays,31,5993 Pruitt Well Suite 688,Galvanport,South Dakota,80163,-20.103892,-56.653104
Carolyn Daniel,55,9413 Herrera Vista Suite 482,Rossstad,Tennessee,33327,-44.456665,-78.453361
Kimberly Johnson,41,8748 Morgan Trail,Sethburgh,Arkansas,76257,56.075251,-82.852926
David Hill,59,917 Michael Parkway,North Nicholasfort,Maine,95889,-18.612309,63.6796005
Betty Moore,42,78527 Laura Forest,South Maryview,Colorado,69141,71.702903,66.2156425
Jaime Castro,67,8617 Williams Cliff,East Philipville,Mississippi,85406,85.653165,-23.464886
Karl Rojas,53,509 John Summit,Port Douglasview,Kansas,35382,-118.998699,40.0668375
Shaun Harris,62,757 Thomas Road,Matthewfurt,Oklahoma,43419,-79.101677,-66.012316
Connie Moore,48,9074 Jennifer Dam Apt. 595,Brooksland,West Virginia,16434,-134.032334,-67.735411
Jason Alexander,66,51210 Leah Island,Lake Mathewchester,New Jersey,68845,-160.151387,74.909905
Sarah Nolan,54,34379 Olson Fork Apt. 785,West Davidton,Nebraska,55354,17.929691,-38.695920
Melissa Buchanan,21,7609 Howard Viaduct,Hollandbury,Ohio,07846,-55.938042,47.963564
Heather Moses,43,4257 Lewis Turnpike Suite 958,Clarkport,Kansas,55755,35.226542,-60.427632
James Pratt,42,3975 Clark Harbor Suite 205,East Bryanside,Massachusetts,76261,175.828218,-70.480716
Jacob Whitaker,59,62631 Nathan Mills Suite 676,Batesshire,Nevada,36845,-169.214071,39.2299405
Matthew Armstrong,20,91777 Vernon Plaza Suite 437,South Stephen,Connecticut,22451,-34.035659,-33.1760335
Levi Mcintyre,71,7341 Ryan Tunnel,Moraville,Montana,09396,61.269528,34.497211
Danielle Tate,74,952 Andrew Springs,Saramouth,Arizona,74327,156.381279,-31.6951785
Johnny Solis,67,9553 Jessica Branch,Palmerchester,Arkansas,43123,-101.827439,-26.2564345
Teresa Gibbs,28,432 Smith Spring,North Taylorchester,Oregon,91122,-161.829993,37.132536
April Howell,53,0965 Williamson Bypass,Katherinemouth,Indiana,87340,177.239392,1.102778
Rhonda Williams,31,363 Howard Landing,South Tiffany,Kansas,45989,-36.017156,-30.3735345
James Quinn,74,968 Rachel Summit,Dickersonside,New York,19324,-61.959051,-6.1788095
Sarah Duncan,76,80380 Mitchell Camp Suite 184,North Arthur,West Virginia,29806,8.424968,41.3274885
Jacob Cooper,50,109 Ashley Springs,Bradleyview,Delaware,51653,64.119962,-59.2008925
Kimberly Johnson,55,04131 Lindsey Court Suite 741,East Jessica,Colorado,99225,112.844392,11.6162855
Henry Pierce,70,9565 Blair River,North Jenna,Kentucky,09761,109.797262,76.9598985
Benjamin Nguyen,61,621 Edwards Plain,Hartport,Nevada,66919,36.211011,-32.9609445
Kristi Jones DDS,38,4729 Turner Locks,Michaelshire,Iowa,06645,115.339632,-50.436135
Nichole Smith,42,02027 Brown Bridge,Blanchardside,New Jersey,14492,-63.139986,80.3156135
Kevin Campbell,62,5444 Jonathan Points Apt. 431,Christinebury,Idaho,67829,69.424833,17.3723585
Marcia Fernandez,20,6082 Krista Path Suite 932,New Danielfurt,Oregon,20729,-92.968347,-31.6480835
Cynthia Martinez,68,40487 Shawn Prairie,New Tammy,Indiana,17255,-14.621424,-46.8075435
Stanley Thompson,21,753 Joseph Neck,North Haley,New Jersey,85214,-146.794622,69.028705
Angie Frost,60,191 Christopher Street Apt. 889,Lake Stephanie,New Hampshire,46612,86.548699,-31.545293
Alyssa Harris,75,580 Michele Branch Suite 637,South Kimberlyburgh,New Mexico,87072,-65.953765,-79.5635895
John Jenkins,37,175 Richardson Groves,East Kerribury,Arkansas,93799,5.623076,-6.931791
Charles Shelton,39,174 Evans Plaza Apt. 090,Roberthaven,New Hampshire,05823,178.476445,53.837848
Edward Blackburn,46,1109 Morgan Tunnel Apt. 688,Charlesborough,Georgia,81259,-48.283099,31.4474955
Derek Jenkins,39,03746 Jones Hill Suite 193,West Meganmouth,Alaska,73182,-30.691049,9.876396
Jon Harris,71,845 Kenneth Way Apt. 083,New Laura,Arizona,19132,150.391184,-31.468289
John Mccall,54,4684 Mays Mills Apt. 113,Armstrongview,Vermont,66783,75.266245,-72.472768
James Ryan,31,9429 Francis Center,New Tabithachester,Connecticut,92403,147.217167,23.197366
Shannon Cook,41,4575 Gardner Crest Suite 966,Lloydbury,Wisconsin,48646,-6.613596,47.117194
Danielle Jones,32,5363 Danielle Islands,Lisatown,Texas,59407,-116.839525,-84.632222
Mitchell Gomez,23,287 Myers Shoal,Rushshire,Massachusetts,80764,-140.402300,-13.307911
Andrew Greer,25,747 Sara Port,East Clintonside,South Carolina,52606,66.441944,21.3163835
Christopher Daniel,57,53411 Smith Underpass Apt. 773,Deckerview,Tennessee,57575,-81.136911,32.658834
Scott Peck,52,7853 Jennifer Gateway Apt. 858,South Christian,Colorado,91099,166.821062,-2.7604005
Laura Ford,66,980 Kara Gardens,Brianfurt,Idaho,74513,-81.369118,6.559182
Fernando Parker,27,54094 Emily Heights Suite 412,East Stephanie,Massachusetts,39197,-138.042687,-47.5822515
Shelley Larsen,28,09622 Heather Lodge Suite 656,South Donna,New Jersey,80638,28.115533,-1.9675185
Karen Brooks,79,367 Micheal Inlet,Kimberlyborough,California,64592,25.122559,23.653113
Taylor Olson,47,682 John Avenue Suite 329,South Davidfurt,Michigan,67274,158.696779,6.5460805
Sarah Booker,65,3602 Davis Curve Apt. 104,Hardyport,Maryland,76703,-149.121053,-61.526463
Marcia Lucero,29,2039 Joseph Hollow,Alexanderfurt,Nebraska,37251,142.589024,-75.2433985
Timothy Martinez,75,31708 Vincent Valley Apt. 953,Tylerstad,Nebraska,87264,-161.694839,85.4059045
Robyn Robbins,70,3646 Warner Hills Suite 816,Burtonchester,Missouri,71493,-0.203883,-79.9857865
Hayley Simmons,23,27564 Bird Parkways,West Natalieshire,Maryland,27900,-106.463133,20.9111655
Evelyn Jones,34,323 King Flats,Phillipsville,Tennessee,03005,21.209495,-40.801619
Anita Flynn,60,5714 Keith Villages Suite 821,Gonzalesfurt,Louisiana,10929,-2.796093,-3.4930035
Elizabeth Carroll,69,35686 Jesus Forest Apt. 902,New Brandon,Alaska,29061,-34.141971,-58.9398835
Lindsey Harris,59,0124 Murphy Port Suite 547,Smithstad,South Carolina,70557,-13.990591,-13.3571935
Dale Jackson,44,86581 Dawn Overpass,South Michaelburgh,Vermont,15789,81.555929,-77.9893125
Ryan Lopez,43,018 Jordan Curve Suite 069,Port Maureenburgh,Idaho,01512,-86.814784,29.0703055
Daniel Cooper,80,900 Sherri Canyon,Vanessafurt,Kansas,05675,64.100738,-43.106473
Melissa Yu,53,5438 Dawn Fords,Brianhaven,Kansas,73346,-52.588099,89.176622
Elaine Robinson,38,87609 Faulkner Fords,New Anthony,Oregon,22386,-10.657855,-31.204125
Paula Mcbride,56,551 William Trail Apt. 857,North Anthonymouth,Vermont,11488,-73.589288,-88.2218565
Ricardo Walker,24,729 Smith Tunnel,Andersonfurt,South Carolina,37957,-28.560226,-84.5102555
Cassandra Sherman,29,9044 Horton Overpass,North Walterville,Kansas,05989,-87.376945,15.700229
Gina Williams,24,5587 Meyer Pines Suite 392,Martinshire,Illinois,43217,106.025699,-65.5283635
Timothy Miller,42,677 Adams Tunnel Apt. 932,South Tinaborough,Georgia,50057,127.923450,-59.113730
Theodore Moore,38,06674 Carroll Ways,South Alyssachester,Idaho,84898,-157.231084,-56.6798855
Theresa Dunn,18,2216 Davis Oval,Port Nicholas,New York,52862,125.772854,-63.6224605
Heather Velasquez,21,6678 Cynthia Springs Suite 272,South Joseph,Massachusetts,86734,-16.166466,49.6517365
Brandy Lowery,24,067 Davis Drive,East Lindseychester,Florida,02438,-132.970371,-52.0661065
Matthew Mcmahon,25,06035 Terrence Coves Apt. 939,South Ebony,Vermont,51232,21.879654,19.4778135
Katelyn Matthews,74,4671 Steven Pass,New Jacqueline,Washington,52860,171.382634,-34.4640135
Lori Pennington,60,7793 Victoria Hollow,Bellmouth,North Carolina,78387,-74.224544,65.0906225
Megan Davies,22,7807 Hicks Hill Apt. 282,Stevebury,California,76115,-141.283560,9.3295045
Andre Phelps,55,72841 Martin Ford,West Andreahaven,South Carolina,38396,32.237344,-13.005597
Martha Barber,64,0269 Torres Ford Suite 014,Ramirezmouth,West Virginia,24649,97.147935,65.881610
Paul Alexander,28,09421 David Trail,Hamiltonborough,Michigan,93569,140.162068,-39.8568765
Tiffany Riley,22,03668 Gonzalez Bridge Apt. 429,Lake Alan,Arizona,19140,1.966678,24.949529
Caitlin Jones,32,804 James Stravenue Apt. 153,Martinezton,Georgia,70132,105.613596,-2.1101575
Annette Olsen,37,781 Tammy Pike Apt. 151,Geraldberg,North Carolina,22505,-150.291381,56.412996
Melissa Forbes,69,0667 Raymond Underpass,Shawnland,Hawaii,31456,-167.971292,61.0926535
Andrea Bradley,56,738 Travis Gateway Apt. 773,Hansenmouth,Wyoming,00622,92.548282,-8.488162
Michael Schwartz,18,44491 Schmidt Rapids Suite 149,Adrianaville,Nevada,07911,44.037879,-0.9192395
Carol Phillips,58,96918 Melissa Lock Apt. 822,Melissaview,Nebraska,09680,8.865348,-5.312772
Bradley Hoover,75,5587 Martin Cove Apt. 649,Murphymouth,Idaho,21483,-68.823787,58.362152
Richard Griffith,58,0618 Keith Station,South Michellechester,Maryland,41156,91.868096,-66.370430
Brandon Williams,40,4572 Johnson Ford Suite 020,Zacharyfort,North Carolina,81778,-3.871487,7.5285575
Eric Lindsey,65,807 Cole Row,Schwartzmouth,Georgia,33978,10.161719,-22.638325
George Torres,22,60294 Oneill Glens Apt. 817,Christopherberg,Hawaii,10758,-62.714707,-43.417911
John Mcfarland,71,07026 Lawrence Cliffs,Hunterton,Iowa,82703,-159.352759,89.075255
Matthew Smith,66,789 Brittany Wall Suite 587,North Beverly,Oregon,53784,154.007982,5.623163
Michelle Monroe,61,07652 Parker Harbors,North Emilymouth,Utah,13098,176.897747,71.136724
Mia Hooper,43,7639 Bennett Tunnel Suite 298,Jamesbury,Hawaii,59775,137.562995,-26.5063765
Katherine Frey,50,16598 Christopher Loaf,Brianburgh,Vermont,83493,-79.888603,80.6140525
Logan Owens,70,33155 Mitchell Ridges,Port Calebside,South Dakota,39054,74.515634,-9.161357
Kristin Santos,69,2562 Williams View Apt. 669,Charlesberg,Utah,73423,-26.767836,38.812292
Dr. Janet Rasmussen,21,26963 Johnson Springs,Martinezland,Florida,43076,-93.719102,7.600001
Travis Wright,75,74787 King Valleys Suite 085,Kathleenbury,Wyoming,45125,-149.486311,-83.3858325
Andrew Williams,30,436 Victor Union,Valentineland,Wisconsin,64728,158.730626,-0.800151
Kevin Martin,26,6584 Hall Locks Suite 107,Davismouth,South Carolina,92220,-162.101039,-37.323651
George Kelly,20,86739 Coleman Lane,New Angela,Massachusetts,22367,-72.873975,40.773046
Keith Richardson,50,48212 Wilkins Glen,Port John,Connecticut,97132,-117.496683,2.740554
Kendra Hodges,25,465 Tracy Drive Suite 519,West Bobbyview,North Dakota,94394,104.074606,-32.773119
Brenda Adams,71,99336 Sullivan Springs,South Jeanette,Hawaii,99222,97.056139,-82.048536
Jeffery Meyer,41,60607 Mora Streets,Port Erin,Nevada,32248,14.368142,75.3822365
Rebecca Downs,43,68887 Theresa Shores Apt. 374,Hinesfort,Oregon,56016,54.252205,43.473860
Chelsea Brown,47,3483 Rogers Mountains,Port Jim,Illinois,71940,16.782920,-52.295597
Ralph Scott,24,323 Michael Shores,Randolphhaven,Alaska,52287,-127.202594,13.8923675
Marisa Cox,63,4862 Cunningham Brook,West Tiffany,Delaware,29660,23.564867,-64.718492
Nancy Brown,25,944 Figueroa Fords Suite 740,Lake Christopherberg,West Virginia,73607,-10.550100,51.0575905
Holly Rogers,30,850 Joshua Lane,Lake Daniel,New York,80255,-2.396862,65.3398675
Jillian Fowler,23,65770 Brian Mills,Justinmouth,Maine,99599,-132.172350,-54.778712
Laura Gill,65,357 Fowler Mall,East Jon,Nevada,71665,-178.953585,21.016582
Lori Smith,19,48956 Cynthia Via Suite 289,Christopherton,New Hampshire,69229,-167.479075,-83.305748
Cindy Garcia,80,9520 Patrick Path,Lake Derekburgh,Montana,43243,161.252920,-70.8157515
Jill Hansen,54,02099 Lance Mews,Tonyafort,Minnesota,83348,89.223025,-80.003672
Howard Morris,72,88702 Duncan Bypass Suite 185,Port Kevinberg,New Jersey,35306,46.885635,-17.3352345
Jessica Hernandez,22,92722 Russell Cape Suite 067,East Jesus,Vermont,58568,-163.740916,44.321335
Jeremy Cantu,22,9450 Steven Prairie Suite 135,Angelaland,Colorado,72848,-86.112884,-15.5586735
Amanda Fisher,48,72878 Andrea Village Apt. 520,Ellisontown,Ohio,19843,-38.569980,-18.679214
Michael Hawkins,80,69078 Gray Hills,Jodyville,Virginia,14949,108.400355,22.1937075
Alicia Peterson,65,06820 Tyler Via,Timothyview,New Jersey,20110,-87.605456,20.3706935
Justin Ford,70,38158 Vasquez Falls Apt. 596,North Craigmouth,South Carolina,25012,-164.017956,82.280040
Nicole Padilla,71,2435 Leah Path,Jamiebury,Alaska,84295,122.981164,-3.7938165
Jennifer Bailey,50,652 Michael Station Apt. 991,Riosville,South Carolina,03453,171.578867,-19.590646
David Newton,21,68313 Evans Valleys,East Jason,Mississippi,44586,-17.676991,-17.7974875
Miss Lori Smith MD,56,737 Renee Point Suite 091,Joneschester,Wyoming,84493,-109.175584,-73.996702
Robert King,70,7912 Judy Ferry Suite 290,Port Patrick,Minnesota,90636,61.493342,67.4360575
Michelle Floyd,63,6782 Mary Turnpike,Tonyamouth,California,69087,-87.373590,-30.033334
Ashley Dunn,61,2744 Andrea Street,Adamfort,Michigan,43633,-59.472719,-49.884343
Catherine Rice,67,5383 Johnathan Stream Suite 821,Dustinmouth,Massachusetts,58871,-23.534569,16.066694
Erica Murray,78,3014 Michael Shore,South Mariaton,Missouri,54407,-63.539125,-25.278875
Dylan Yu,59,376 West Mountains Apt. 864,Adamport,Colorado,52827,56.474858,3.5175335
Aaron Arnold,38,484 Taylor Trafficway Apt. 354,Bishopborough,Georgia,73829,-170.195788,-0.796268
Glenn Collins,67,7330 Vincent Extension Apt. 778,New Jenniferton,North Carolina,01701,-152.180191,66.665931
Aimee Smith,62,17651 Donald Streets,Port Michaelberg,Vermont,55233,-92.052962,-48.045265
Kim Small,49,601 Perry Knoll,Claudiaborough,Iowa,74588,147.563722,-89.2330925
Ana Garcia,59,60436 Oconnor Green Suite 509,Steventon,West Virginia,52193,79.771022,-37.0374425
Matthew Young,69,765 Cochran Track,Nicholsonland,West Virginia,76371,0.718982,-23.9264185
Rhonda Smith,35,26939 Jones Village,Jessicabury,Arkansas,11649,17.813244,11.5336615
Alexandra Vega,40,423 Phillips Crossing,North Bethany,Mississippi,24145,-115.316573,-69.902868
Kendra Campbell,70,636 Veronica Path,East Karl,Louisiana,42210,-128.247740,-63.8665695
Michael Rocha,29,59973 Jones Route,Port Amyborough,Ohio,13763,19.582864,50.0174545
Michael Burns,45,10253 Robert Island Suite 277,East Ericfurt,Wisconsin,64408,-0.150578,42.186348
Jenna Walker,18,577 Allison Place Apt. 441,Kerrymouth,Utah,08845,78.763878,29.450417
Jeremy Estes,28,2418 Bradshaw Turnpike,Tomborough,Colorado,52475,-32.556910,-7.3922015
Melinda Carr,77,9645 Williams Lodge Suite 240,Lake Susanmouth,New Hampshire,72122,52.449881,-57.3757195
Lucas Dougherty,53,20786 Howell Terrace Apt. 594,Rubenfort,Delaware,30369,40.627746,21.7836955
Natalie Love,56,461 Pope Shoal,Chadfurt,Delaware,13372,65.775748,-86.354154
Cory Johnson,56,0746 Andrea Road Suite 826,Port Dustinburgh,Missouri,22285,-23.706540,38.9874835
Angela Pham,74,2683 Christopher Harbor Suite 095,East Darrell,South Carolina,30967,154.421238,27.349473
Michael Eaton,25,387 Moore Harbor,North Johnton,New Mexico,53867,-83.258365,85.8706985
Michelle Mcconnell,55,205 Susan Spur,Whiteville,Wyoming,46199,-37.815214,-4.791158
Tammy Hall,50,45146 Gray Flats Suite 830,East Andrewport,Idaho,57282,55.770525,26.7496685
Robin Booker,79,506 Tyler Trail,North Alyssa,Arizona,42069,55.717387,-86.3940965
Sara Robinson,50,133 Chase Drives Apt. 803,Benjaminberg,Hawaii,53834,-134.251686,64.8137455
Paul Wallace,19,83667 Kevin Falls,West Sherryland,Tennessee,35910,-124.600620,-29.0313435
Michelle Harris,62,785 Whitaker Shoals,Hectorfurt,Pennsylvania,13871,139.270536,35.9089845
Cheryl Anderson MD,62,71847 Danielle Roads,New James,Maine,99465,35.869430,-57.2331415
Taylor Ray,55,501 Brown Creek Apt. 820,Port Toddchester,Nevada,32663,-136.708800,49.264276
Debra Monroe,38,68000 Nelson Turnpike,Port Joseview,Pennsylvania,14669,-84.938887,-64.722225
Alyssa Dorsey,75,891 Howard Ports,South Deborahfort,New Hampshire,38137,-22.572322,2.3946145
Christopher Davis,64,15459 Reginald Ways Apt. 595,Dawnport,Georgia,35424,-34.977392,55.189520
Sherry Nguyen,25,35541 Raymond Stravenue,East Allison,Pennsylvania,17451,56.442553,5.953120
Jesse Schmidt,76,35398 Baird View,Matthewberg,Wyoming,16980,175.801264,50.5568305
Lauren Terrell,18,79933 Ellis Shoals Apt. 498,North Brandy,Illinois,98102,138.130947,67.302203
Matthew Wagner,27,528 Brown Vista Apt. 226,Cherylton,Michigan,19187,-77.230345,-15.9677805
Ashley Garrison,24,924 Mcguire Forest,Elizabethmouth,Utah,99691,160.951586,-7.4365295
Shaun Alexander,71,9078 Turner Forge,Harpertown,Ohio,28938,13.871794,-22.917787
Brittany Vasquez,51,32109 Fox Trail,Thompsonberg,Minnesota,81160,-176.433624,14.1070375
Mr. Steven Schultz,51,4737 Mary Ways,Lake Melody,Alaska,17501,113.075061,-58.7088535
Heidi Watson,74,18916 Monique Loop,New Danielmouth,Kentucky,70078,-1.422845,78.089569
Angela Douglas,28,93594 Ethan Harbors,Gomezville,South Carolina,35188,-19.612703,34.723951
Christian King,21,4167 Warren Glen,Matthewfurt,Utah,12478,0.529458,87.4673105
Anthony Harris,68,601 Tony Land Suite 565,Erinhaven,West Virginia,51896,59.017202,-9.7436585
Amanda Allen,54,96977 Janet Tunnel,New Jameschester,Montana,27092,20.632939,26.4170925
Joe Tanner,26,766 Durham Road Apt. 428,West Billyfort,Hawaii,90974,-169.163634,-40.6188195
Jason Horton MD,41,31913 Rosario Glen Apt. 433,Darrylbury,Hawaii,50575,124.304220,73.142664
Ashley Ellis,48,475 Roberts Avenue Apt. 302,East Gregoryshire,Connecticut,67511,-31.020058,-88.857416
Ronald Harrison,68,8355 Cobb Crossroad Suite 710,Port Dannyland,South Dakota,82717,-123.301502,65.277947
Erik Strong,23,47563 Harper Streets Apt. 687,Lisaland,New Jersey,04239,93.130721,-0.8719525
Michael Owens,48,4391 Caldwell Parkways Apt. 739,Stephenston,Illinois,05247,-143.923175,77.479705
Teresa Wong,58,78618 Jill Streets Suite 965,Annaview,New Hampshire,12128,47.838318,39.1537835
Denise Farley,76,06709 Ross Lodge,Thompsonstad,Hawaii,75314,-113.178219,-27.845351
Jeffrey Wood,45,742 Bruce Loop Suite 112,Port Tinaside,California,42186,-143.151844,64.2181085
Elizabeth Garcia,69,01915 Moore Ports,Garyborough,Wyoming,56809,121.496775,-2.0551985
Richard Wallace,19,02078 Spencer Knoll Apt. 367,South Daniel,Georgia,98202,-74.642221,10.3176875
Angela Lambert,52,61576 Carney Alley Suite 509,South Cheyenne,South Dakota,43862,128.504066,42.5235635
Jason Gibson,23,4818 Wiggins Light,West Robertmouth,Pennsylvania,73896,23.709599,54.995201
Kristina Guzman,39,518 Palmer Dam Suite 704,South Janiceborough,Idaho,60653,50.223573,-81.4182715
Matthew Richmond,57,21995 Fred Neck,Buchananshire,Montana,61083,158.410852,-63.304153
Mr. Kevin Conway,24,687 Angela Roads,East Robertton,Pennsylvania,49272,-177.835099,22.564374
Lisa Mitchell,31,14940 Reilly Park Suite 510,West Angela,Colorado,50423,-98.909993,-67.127059
Cynthia Wilson,43,3667 James Summit,Elizabethmouth,New Hampshire,56879,3.027695,-67.5325555
James Pope,46,804 Williams Ridge Apt. 973,Whiteheadmouth,Iowa,68657,-40.978609,-38.2401445
James Atkinson,41,06447 Martinez Expressway Suite 255,Lake Ashley,Massachusetts,33476,-150.877049,71.1349725
Stacy Callahan,73,492 Jones Overpass Apt. 502,West Lisa,Alaska,75897,3.567054,88.9021555
Rebecca Mcdonald,41,9262 Nicole Garden Apt. 892,Danielleland,North Carolina,01420,178.918183,-73.2382105
Kendra Smith,46,4394 Wright Mountains Apt. 756,Dennischester,Delaware,72621,-151.094583,-42.320099
Henry Randolph,23,815 Matthew Corner Suite 009,East Jennifer,Washington,93644,144.137946,-23.369604
Steven Reyes,32,37448 Taylor Lake,East Kimberlyside,Hawaii,69795,-130.167246,59.803041
Hunter Brewer,65,5580 Amanda Village,New Seanshire,Arkansas,57300,-5.511440,-43.1554655
Alexander Todd,72,937 Jacob Groves Apt. 941,Harriston,Virginia,24393,91.800441,-53.6463915
Melissa Simmons,39,51503 Williams Fords,Reyesmouth,South Dakota,26671,125.129563,-50.045159
Katie Simpson,61,3454 Loretta Shores Apt. 207,South Lori,Colorado,71614,101.680694,-51.4976835
Cynthia Bailey,78,63184 Ryan Road,North Sheena,Montana,12880,96.275075,-11.4452945
Alexandra Davis,46,93387 Amanda Ridge,North Joan,Oklahoma,46999,-15.260633,-41.236109
John Owens,28,516 Dillon Summit Apt. 521,Tonyburgh,Michigan,38516,-129.492856,79.2180435
Tracy Cooper,73,8105 Brooks Meadow,Port Olivia,Louisiana,49087,-110.756412,-80.6387905
Matthew Alvarado,29,762 William Field,Port Juliemouth,Missouri,93852,36.708506,-51.093003
Kenneth Skinner,54,385 Hawkins Flats,North Jonathanbury,Ohio,55963,130.087331,-1.5904665
Daniel Brown,31,7127 Kenneth Run Apt. 618,Calebland,Massachusetts,77261,50.455337,14.580060
Antonio Hernandez,36,7478 Tami View,Ryanport,Montana,04567,33.401575,60.2379235
Mary White,44,2502 Shelby Forest,North Michael,Kentucky,95264,74.069384,-22.722546
Mario Ho,64,882 Johnathan Drive,Lake Michaeltown,Oregon,19552,-133.187669,78.3039745
Christopher Coleman,70,050 Stevenson Shore Apt. 062,New Marcus,Colorado,05878,-172.319523,9.519108
Bonnie Williams,69,67469 Benson Tunnel,Johnsonstad,Michigan,69647,-37.487929,74.598483
Ashley Hooper,53,803 Tran Mission,Port Mark,Washington,34177,-173.362263,77.5162225
David Moore,56,436 Victoria Trace Suite 993,Port Andrew,Washington,01253,-100.391414,1.8137205
Ian Kelley,29,37711 Emily Prairie Apt. 453,East Sonya,Delaware,49955,169.418305,29.922784
Dustin Diaz,49,71486 Jimenez View Suite 171,East Debraville,Kansas,92970,-166.546334,-52.9888175
Stephen Mccarty,78,576 Lisa Stravenue Apt. 242,Velasquezland,Hawaii,06657,15.571702,67.934859
Jennifer Stone,57,768 Obrien Path Suite 119,Williamsberg,South Dakota,27434,-152.154249,15.2031855
Joseph Perry,24,868 Kenneth Estate,Port Laura,California,73261,109.979420,-51.0267705
Kenneth Riley,46,8231 Williams Inlet,Harrisonchester,Missouri,55022,5.489858,-65.1290055
Sophia Hopkins,53,335 Tiffany Square Apt. 418,Lake Jessicaland,Florida,66128,-153.213486,71.812783
Joanne Ellis,66,71823 Samantha Drive Apt. 220,Port Karl,South Carolina,47859,157.669198,34.7712205
Daniel Powell,61,28998 Mitchell Fork Suite 845,East Dakotaside,Virginia,09447,-149.262116,-8.6271815
Kathy Nguyen,49,162 Ashley Forges,South Anthonychester,Utah,32664,-166.977505,-28.2583195
Susan West,68,212 Sullivan Hills Apt. 688,New Laura,New Jersey,18146,93.544537,-34.576300
Diane Martinez,59,2530 Johnny Orchard Suite 768,Joshuashire,Minnesota,09960,158.844241,-15.1876245
Tina Ramirez,20,66556 Denise Orchard Suite 813,Joelberg,Louisiana,02040,36.972143,-20.2924025
Jesus Cunningham,36,4144 Simpson Port,Alexandermouth,Missouri,57873,-107.178941,-20.864540
Monica Oliver MD,64,780 Rachel Village,Zamoraview,California,18785,159.215788,28.7530945
Richard Chapman,79,003 Robert Club,North Nicole,Colorado,74120,14.916156,8.9900425
Michelle Willis,32,3590 Carolyn Valley,Bonnieshire,California,91564,65.410480,-30.0075985
Seth Hughes,76,6940 Joseph Underpass Apt. 861,East Rebeccafurt,Maine,97596,-28.914102,70.838808
Ryan Meyers,27,116 Judith Shores,South Laurie,Alabama,06065,-120.288910,-78.248174
Brooke Gonzalez,21,274 Patty Plaza Apt. 675,West Christianburgh,Delaware,97231,-156.447175,21.263941
Deanna Knight,32,2098 Elizabeth River Suite 165,Angelaville,Kansas,82198,43.269865,29.8867465
Tina Powell,76,619 Kerry Manor,South Michael,Nevada,66065,175.093701,-75.041444
Wayne Ho Jr.,43,78709 Stone Locks Suite 954,Williamsbury,Oregon,44776,93.451465,14.229798
Amanda Brown,50,93151 Martin Circles Apt. 977,Clarkfort,Alabama,62405,46.816818,-84.0901125
Susan Lester DVM,51,13263 Kristin Roads Suite 646,Jasonside,Georgia,90533,-0.293554,76.9621685
John Monroe,51,67647 Kathleen Pines Apt. 089,Carrilloberg,Tennessee,78246,0.661974,-67.000355
William Estrada,52,3027 Zavala Plains,Lesliemouth,Texas,68244,42.612793,-84.6631775
Ruben Sutton,49,58627 Montgomery Meadow,Lake Randy,North Carolina,71111,42.024915,-2.3740645
Tyler Bryant,22,35494 Scott Summit Apt. 050,Garciashire,Oklahoma,84693,123.250904,60.8312165
Gabriel Hardin,61,7076 Johnson Manor Apt. 342,Justinview,Connecticut,44347,-106.675187,45.460171
Melissa Flores,62,02594 King Divide Suite 600,Valerieland,Mississippi,50502,-142.126345,31.1064595
Chad Delacruz,52,4004 Melton Squares Suite 818,Popeside,Maryland,95028,42.623170,78.101712
